Date,Nicosia - Traffic Station,Limassol - Traffic Station,Larnaka - Traffic Station,Paralimni - Traffic Station,Zygi - Industrial Station,EMEP - Agia Marina Xyliatou - Background Station,Pafos - Traffic Station
01/01/2018,23.0,N/A,12.2,13.7,N/A,1.8,N/A
02/01/2018,11.7,N/A,13.8,9.5,7.5,2.7,N/A
03/01/2018,N/A,N/A,13.9,11.5,5.1,2.9,N/A
04/01/2018,N/A,N/A,17.1,11.5,6.2,N/A,N/A
05/01/2018,N/A,N/A,13.7,10.2,N/A,N/A,N/A
06/01/2018,23.1,N/A,19.9,22.4,8.4,5.6,N/A
07/01/2018,24.0,N/A,19.6,18.3,11.3,5.7,N/A
08/01/2018,17.9,N/A,18.9,14.9,9.2,5.1,N/A
09/01/2018,20.7,N/A,21.0,19.1,11.0,7.7,N/A
10/01/2018,30.8,N/A,27.1,24.0,15.0,8.3,N/A
11/01/2018,31.2,N/A,35.2,24.3,20.2,13.7,N/A
12/01/2018,23.8,N/A,25.8,23.8,13.6,N/A,N/A
13/01/2018,15.7,N/A,15.8,16.3,9.7,6.6,N/A
14/01/2018,12.3,N/A,12.4,9.9,N/A,13.0,N/A
15/01/2018,14.2,N/A,14.1,N/A,9.6,6.3,N/A
16/01/2018,15.7,N/A,13.6,N/A,7.8,5.7,N/A
17/01/2018,18.4,N/A,13.8,N/A,8.9,5.0,N/A
18/01/2018,22.9,N/A,N/A,N/A,9.1,N/A,N/A
19/01/2018,7.9,N/A,10.1,N/A,6.0,3.5,N/A
20/01/2018,19.9,N/A,16.0,N/A,5.8,N/A,N/A
21/01/2018,19.8,N/A,13.6,N/A,7.3,N/A,N/A
22/01/2018,26.6,N/A,42.4,N/A,37.9,N/A,N/A
23/01/2018,7.5,N/A,N/A,N/A,8.2,N/A,N/A
24/01/2018,11.6,N/A,N/A,N/A,6.9,6.9,N/A
25/01/2018,10.9,N/A,7.3,N/A,N/A,N/A,N/A
26/01/2018,9.5,N/A,N/A,N/A,N/A,N/A,N/A
27/01/2018,18.0,N/A,10.7,N/A,7.3,12.8,N/A
28/01/2018,18.2,N/A,14.7,N/A,8.4,10.9,N/A
29/01/2018,25.0,N/A,17.5,N/A,11.5,13.1,N/A
30/01/2018,22.4,N/A,16.5,N/A,8.5,12.1,N/A
31/01/2018,22.2,N/A,21.9,N/A,13.2,10.1,N/A
01/02/2018,N/A,N/A,23.6,N/A,12.9,11.3,N/A
02/02/2018,32.3,N/A,29.2,N/A,20.2,18.2,N/A
03/02/2018,29.2,N/A,26.8,N/A,18.9,15.0,N/A
04/02/2018,28.6,N/A,27.0,N/A,21.4,18.3,N/A
05/02/2018,31.0,N/A,33.9,N/A,21.3,14.0,N/A
06/02/2018,40.9,N/A,43.1,N/A,N/A,30.3,N/A
07/02/2018,40.0,N/A,45.0,N/A,N/A,33.0,N/A
08/02/2018,37.4,N/A,40.8,N/A,28.5,34.1,N/A
09/02/2018,40.3,N/A,38.4,N/A,29.6,29.2,N/A
10/02/2018,32.7,N/A,N/A,N/A,33.7,30.2,N/A
11/02/2018,25.9,N/A,N/A,33.0,26.4,27.9,N/A
12/02/2018,10.1,N/A,13.2,12.2,9.7,12.3,N/A
13/02/2018,10.0,N/A,11.3,10.0,11.3,N/A,N/A
14/02/2018,14.5,N/A,N/A,11.5,8.7,21.8,N/A
15/02/2018,26.8,N/A,14.6,11.6,9.1,11.7,N/A
16/02/2018,19.4,N/A,17.6,15.5,13.1,18.2,N/A
17/02/2018,19.0,N/A,N/A,17.2,17.0,N/A,N/A
18/02/2018,11.9,N/A,12.8,16.2,15.3,N/A,N/A
19/02/2018,12.9,N/A,11.0,11.8,11.1,N/A,N/A
20/02/2018,18.9,N/A,15.3,22.0,8.4,N/A,N/A
21/02/2018,21.5,N/A,16.7,20.5,10.6,10.9,N/A
22/02/2018,19.4,N/A,15.6,15.4,6.6,10.6,N/A
23/02/2018,15.8,N/A,15.3,17.3,8.0,12.2,N/A
24/02/2018,18.2,N/A,12.9,15.5,8.8,9.9,N/A
25/02/2018,16.4,N/A,N/A,9.0,6.7,7.6,N/A
26/02/2018,8.6,N/A,15.1,11.9,5.6,8.6,N/A
27/02/2018,18.0,N/A,15.7,13.7,10.5,11.0,N/A
28/02/2018,13.1,N/A,14.0,11.4,N/A,7.4,N/A
01/03/2018,14.3,N/A,N/A,12.2,10.9,12.6,N/A
02/03/2018,10.3,N/A,10.8,13.2,9.3,6.9,N/A
03/03/2018,16.6,N/A,N/A,17.1,9.6,9.0,N/A
04/03/2018,15.4,N/A,29.6,22.8,18.3,12.9,N/A
05/03/2018,34.3,N/A,29.8,27.7,35.8,N/A,N/A
06/03/2018,26.0,N/A,N/A,34.8,31.0,N/A,N/A
07/03/2018,N/A,N/A,N/A,22.9,18.3,19.2,N/A
08/03/2018,N/A,N/A,N/A,14.2,13.0,15.4,N/A
09/03/2018,N/A,N/A,10.5,11.3,11.2,12.2,N/A
10/03/2018,N/A,N/A,9.6,10.4,13.5,9.5,N/A
11/03/2018,10.9,N/A,12.7,15.2,13.4,N/A,N/A
12/03/2018,15.4,N/A,11.5,14.5,11.4,N/A,N/A
13/03/2018,16.9,N/A,10.9,14.2,9.1,12.2,N/A
14/03/2018,11.6,N/A,11.5,16.3,12.1,15.1,N/A
15/03/2018,8.2,N/A,9.6,12.1,9.7,10.7,N/A
16/03/2018,8.0,N/A,7.9,12.0,8.9,7.5,N/A
17/03/2018,9.3,N/A,N/A,11.5,9.3,4.6,N/A
18/03/2018,10.8,N/A,15.2,15.3,8.8,9.3,N/A
19/03/2018,20.3,N/A,21.3,20.2,14.9,10.4,N/A
20/03/2018,17.1,N/A,22.0,23.3,19.7,21.5,N/A
21/03/2018,13.2,N/A,N/A,18.3,16.4,12.8,N/A
22/03/2018,11.9,N/A,14.9,15.5,14.4,14.2,N/A
23/03/2018,18.4,N/A,21.3,24.1,18.9,12.6,N/A
24/03/2018,11.6,N/A,14.3,18.7,23.1,N/A,N/A
25/03/2018,28.1,N/A,33.2,33.9,69.0,41.4,N/A
26/03/2018,51.2,N/A,62.9,70.6,55.1,62.4,N/A
27/03/2018,23.3,N/A,19.9,27.2,17.1,18.6,N/A
28/03/2018,25.6,N/A,22.7,26.4,25.7,25.8,N/A
29/03/2018,11.4,N/A,9.9,12.5,10.4,N/A,N/A
30/03/2018,8.9,N/A,6.7,9.4,7.2,4.3,N/A
31/03/2018,9.8,N/A,10.6,11.6,8.1,5.5,N/A
01/04/2018,8.3,N/A,9.0,14.4,9.9,N/A,N/A
02/04/2018,8.7,N/A,11.7,14.0,8.3,6.4,N/A
03/04/2018,7.0,N/A,8.7,9.7,8.0,4.9,N/A
04/04/2018,8.0,N/A,7.4,8.5,7.2,4.9,N/A
05/04/2018,8.0,N/A,9.0,10.3,8.3,N/A,N/A
06/04/2018,7.8,N/A,8.2,11.6,8.1,2.9,N/A
07/04/2018,16.2,N/A,18.4,16.1,9.0,6.5,N/A
08/04/2018,11.4,N/A,17.6,17.9,14.6,6.5,N/A
09/04/2018,11.5,N/A,8.8,12.5,8.4,6.7,N/A
10/04/2018,10.3,N/A,6.9,9.8,8.3,3.7,N/A
11/04/2018,14.8,N/A,12.2,14.9,10.6,6.2,N/A
12/04/2018,21.3,N/A,19.4,24.5,16.1,11.9,N/A
13/04/2018,17.6,N/A,19.6,23.4,15.5,9.2,N/A
14/04/2018,12.9,N/A,10.0,16.9,13.6,12.4,N/A
15/04/2018,16.6,N/A,20.0,17.1,16.5,13.9,N/A
16/04/2018,14.2,N/A,12.2,14.9,11.0,8.1,N/A
17/04/2018,13.4,N/A,N/A,14.5,11.1,5.2,N/A
18/04/2018,12.2,N/A,N/A,16.1,N/A,9.0,N/A
19/04/2018,20.8,N/A,21.9,20.6,21.1,25.4,N/A
20/04/2018,25.6,N/A,28.8,30.7,22.3,30.6,N/A
21/04/2018,9.1,N/A,16.2,13.8,12.6,21.9,N/A
22/04/2018,5.0,N/A,5.8,8.2,7.9,N/A,N/A
23/04/2018,9.7,N/A,7.2,10.7,8.7,N/A,N/A
24/04/2018,15.9,N/A,11.9,12.4,9.2,7.4,N/A
25/04/2018,12.2,N/A,14.0,15.5,13.5,9.2,N/A
26/04/2018,16.6,N/A,15.7,18.8,16.8,12.0,N/A
27/04/2018,21.0,N/A,17.5,21.3,18.6,16.1,N/A
28/04/2018,14.2,N/A,N/A,22.8,19.6,11.7,N/A
29/04/2018,21.2,N/A,N/A,22.2,22.1,14.3,N/A
30/04/2018,23.6,N/A,N/A,21.7,25.5,14.8,N/A
01/05/2018,18.4,N/A,18.4,20.1,17.6,14.8,N/A
02/05/2018,13.2,N/A,16.1,14.9,14.6,9.7,N/A
03/05/2018,15.8,N/A,16.6,15.8,17.0,13.2,N/A
04/05/2018,23.8,N/A,20.2,20.0,23.6,17.7,N/A
05/05/2018,23.4,N/A,30.2,28.4,28.9,24.5,N/A
06/05/2018,18.2,N/A,22.2,22.3,N/A,23.9,N/A
07/05/2018,16.2,N/A,22.4,21.1,N/A,N/A,N/A
08/05/2018,9.8,N/A,12.6,10.9,N/A,N/A,N/A
09/05/2018,10.7,N/A,12.9,14.8,N/A,N/A,N/A
10/05/2018,16.7,N/A,18.0,20.5,N/A,N/A,N/A
11/05/2018,13.1,N/A,11.5,15.8,N/A,N/A,N/A
12/05/2018,12.0,N/A,12.0,15.5,N/A,N/A,N/A
13/05/2018,11.5,N/A,19.4,18.2,N/A,N/A,N/A
14/05/2018,16.0,N/A,14.9,17.3,N/A,N/A,N/A
15/05/2018,14.2,N/A,13.4,15.4,N/A,N/A,N/A
16/05/2018,13.4,N/A,15.3,17.8,N/A,N/A,N/A
17/05/2018,15.6,N/A,17.9,18.4,N/A,N/A,N/A
18/05/2018,16.5,N/A,16.4,16.1,N/A,N/A,N/A
19/05/2018,15.7,N/A,15.2,16.3,N/A,N/A,N/A
20/05/2018,12.0,N/A,15.4,16.3,N/A,N/A,N/A
21/05/2018,19.5,N/A,18.9,19.2,N/A,15.6,N/A
22/05/2018,24.7,N/A,24.2,22.5,N/A,19.3,N/A
23/05/2018,21.4,N/A,26.9,24.1,N/A,19.6,N/A
24/05/2018,22.0,N/A,N/A,23.6,N/A,16.1,N/A
25/05/2018,21.4,N/A,N/A,23.7,N/A,17.8,N/A
26/05/2018,17.6,N/A,N/A,21.3,N/A,14.9,N/A
27/05/2018,19.2,N/A,N/A,22.2,N/A,15.7,N/A
28/05/2018,13.9,N/A,N/A,20.4,N/A,12.0,N/A
29/05/2018,14.3,N/A,N/A,18.9,N/A,N/A,N/A
30/05/2018,12.9,N/A,N/A,18.2,N/A,N/A,N/A
31/05/2018,12.1,N/A,17.2,19.7,N/A,N/A,N/A
01/06/2018,14.6,N/A,14.2,16.7,N/A,N/A,N/A
02/06/2018,11.3,N/A,15.1,16.8,N/A,N/A,N/A
03/06/2018,12.1,N/A,14.3,17.9,N/A,N/A,N/A
04/06/2018,15.8,N/A,16.1,18.7,N/A,N/A,N/A
05/06/2018,10.1,N/A,14.5,15.6,N/A,N/A,N/A
06/06/2018,9.0,N/A,11.8,14.3,N/A,N/A,N/A
07/06/2018,13.9,N/A,17.3,21.6,N/A,N/A,N/A
08/06/2018,17.4,N/A,18.2,19.3,N/A,21.2,N/A
09/06/2018,17.2,N/A,22.6,24.7,N/A,16.7,N/A
10/06/2018,15.7,N/A,20.8,21.2,N/A,13.7,N/A
11/06/2018,13.2,N/A,15.9,14.2,N/A,13.1,N/A
12/06/2018,16.6,N/A,18.1,20.7,N/A,15.9,N/A
13/06/2018,15.7,N/A,17.5,20.4,N/A,N/A,N/A
14/06/2018,20.5,N/A,15.3,16.3,N/A,N/A,N/A
15/06/2018,12.2,N/A,14.2,14.8,N/A,N/A,N/A
16/06/2018,14.1,N/A,15.2,14.7,N/A,9.3,N/A
17/06/2018,7.3,N/A,11.9,12.6,N/A,5.8,N/A
18/06/2018,N/A,N/A,9.9,9.8,N/A,3.1,N/A
19/06/2018,N/A,N/A,9.8,11.4,N/A,5.6,N/A
20/06/2018,N/A,N/A,10.0,11.2,N/A,6.1,N/A
21/06/2018,N/A,N/A,16.2,18.6,N/A,9.8,N/A
22/06/2018,N/A,N/A,15.4,16.1,N/A,7.8,N/A
23/06/2018,12.7,N/A,15.6,15.7,N/A,8.5,N/A
24/06/2018,12.7,N/A,15.7,16.0,N/A,N/A,N/A
25/06/2018,16.9,N/A,18.2,21.5,N/A,N/A,N/A
26/06/2018,16.3,N/A,19.8,22.5,N/A,9.5,N/A
27/06/2018,13.1,N/A,14.6,15.1,12.8,6.8,N/A
28/06/2018,12.2,N/A,14.8,14.3,11.8,7.7,N/A
29/06/2018,7.6,N/A,10.7,11.2,10.4,4.3,N/A
30/06/2018,5.5,N/A,N/A,9.3,8.6,N/A,N/A
01/07/2018,6.5,N/A,8.7,9.9,8.7,3.2,N/A
02/07/2018,8.5,N/A,10.4,11.8,10.1,5.6,N/A
03/07/2018,14.2,N/A,15.3,17.7,14.0,8.8,N/A
04/07/2018,17.8,N/A,19.5,22.7,19.8,9.8,N/A
05/07/2018,13.6,N/A,14.1,16.9,17.3,4.7,N/A
06/07/2018,13.1,N/A,12.6,16.1,16.4,7.7,N/A
07/07/2018,12.0,N/A,18.2,18.3,16.7,7.1,N/A
08/07/2018,15.4,N/A,21.4,21.8,17.2,8.9,N/A
09/07/2018,14.9,N/A,18.4,19.9,17.6,10.1,N/A
10/07/2018,18.4,N/A,20.3,22.1,18.6,10.3,N/A
11/07/2018,12.7,N/A,15.8,14.7,13.5,5.5,N/A
12/07/2018,18.3,N/A,15.7,15.7,12.6,10.1,N/A
13/07/2018,22.1,N/A,24.5,24.8,22.1,14.0,N/A
14/07/2018,16.4,N/A,20.4,23.5,20.4,11.9,N/A
15/07/2018,N/A,N/A,24.4,22.6,22.8,9.5,N/A
16/07/2018,13.0,N/A,N/A,23.3,18.8,7.3,N/A
17/07/2018,13.8,N/A,18.7,18.7,16.3,6.2,N/A
18/07/2018,18.2,N/A,19.1,16.0,15.1,N/A,N/A
19/07/2018,18.6,N/A,16.9,20.1,16.8,N/A,N/A
20/07/2018,22.7,N/A,20.1,20.1,16.6,N/A,N/A
21/07/2018,15.4,N/A,23.0,17.9,15.5,N/A,N/A
22/07/2018,N/A,N/A,21.3,19.0,16.3,N/A,N/A
23/07/2018,N/A,N/A,18.7,20.8,16.6,N/A,N/A
24/07/2018,21.8,N/A,24.3,21.0,17.7,N/A,N/A
25/07/2018,19.3,N/A,21.4,17.6,16.6,N/A,N/A
26/07/2018,14.9,N/A,18.0,15.8,14.5,N/A,N/A
27/07/2018,12.5,N/A,16.2,14.6,14.2,N/A,N/A
28/07/2018,13.7,N/A,17.0,15.8,16.2,N/A,N/A
29/07/2018,N/A,N/A,18.7,15.8,14.7,N/A,N/A
30/07/2018,15.1,N/A,19.6,17.9,15.7,N/A,N/A
31/07/2018,N/A,N/A,22.9,22.4,18.2,N/A,N/A
01/08/2018,20.3,N/A,22.3,21.4,18.5,17.2,N/A
02/08/2018,23.2,N/A,26.8,27.4,22.7,24.5,N/A
03/08/2018,22.5,N/A,27.7,29.6,24.0,24.6,N/A
04/08/2018,28.5,N/A,29.0,N/A,25.8,26.6,N/A
05/08/2018,31.4,N/A,24.0,N/A,22.4,17.2,N/A
06/08/2018,20.6,N/A,20.6,N/A,18.8,12.3,N/A
07/08/2018,23.6,N/A,22.4,24.4,21.6,N/A,N/A
08/08/2018,16.4,N/A,23.0,25.6,21.6,N/A,N/A
09/08/2018,11.3,N/A,14.9,17.1,16.0,N/A,N/A
10/08/2018,N/A,N/A,N/A,16.2,17.3,N/A,N/A
11/08/2018,9.3,N/A,18.3,16.9,15.5,N/A,N/A
12/08/2018,6.7,N/A,12.9,14.5,N/A,N/A,N/A
13/08/2018,7.7,N/A,N/A,14.0,14.6,N/A,N/A
14/08/2018,10.2,N/A,N/A,15.7,14.6,N/A,N/A
15/08/2018,9.8,N/A,16.5,15.8,N/A,N/A,N/A
16/08/2018,17.1,N/A,23.1,21.0,18.5,N/A,N/A
17/08/2018,20.5,N/A,27.0,27.5,21.2,N/A,N/A
18/08/2018,17.6,N/A,20.9,21.5,18.6,N/A,N/A
19/08/2018,21.3,N/A,27.2,26.4,22.2,N/A,N/A
20/08/2018,20.9,N/A,25.3,25.2,19.9,N/A,N/A
21/08/2018,20.1,N/A,26.7,24.5,20.8,N/A,N/A
22/08/2018,20.0,N/A,26.6,23.4,22.6,N/A,N/A
23/08/2018,20.0,N/A,27.6,25.6,22.2,N/A,N/A
24/08/2018,20.1,N/A,25.9,23.8,20.9,N/A,N/A
25/08/2018,19.2,N/A,23.6,20.9,18.3,N/A,N/A
26/08/2018,16.9,N/A,22.8,19.8,19.1,N/A,N/A
27/08/2018,19.8,N/A,20.8,17.2,15.7,N/A,N/A
28/08/2018,16.5,N/A,25.7,19.0,16.9,N/A,N/A
29/08/2018,14.7,N/A,20.0,17.6,13.6,N/A,N/A
30/08/2018,14.3,N/A,17.2,15.5,12.6,N/A,N/A
31/08/2018,13.8,N/A,17.2,16.1,13.4,N/A,N/A
01/09/2018,12.8,N/A,20.8,19.8,14.7,N/A,N/A
02/09/2018,18.3,N/A,26.1,24.7,20.2,N/A,N/A
03/09/2018,18.6,N/A,28.2,27.4,20.7,N/A,N/A
04/09/2018,22.7,N/A,27.6,24.9,21.0,N/A,N/A
05/09/2018,24.3,N/A,26.0,25.2,17.4,N/A,N/A
06/09/2018,16.7,N/A,18.1,17.0,13.2,N/A,N/A
07/09/2018,15.6,N/A,18.7,17.3,14.8,N/A,N/A
08/09/2018,16.0,N/A,19.3,19.4,17.3,N/A,N/A
09/09/2018,12.9,N/A,18.5,20.0,16.7,N/A,N/A
10/09/2018,15.9,N/A,15.4,16.0,14.6,N/A,N/A
11/09/2018,17.5,N/A,16.8,17.3,13.8,N/A,N/A
12/09/2018,16.8,N/A,17.9,20.6,14.4,N/A,N/A
13/09/2018,18.3,N/A,18.2,18.7,16.4,N/A,N/A
14/09/2018,16.7,N/A,17.6,18.7,16.2,N/A,N/A
15/09/2018,13.2,N/A,18.0,17.5,16.3,N/A,N/A
16/09/2018,11.7,N/A,17.4,17.2,13.9,N/A,N/A
17/09/2018,13.3,N/A,16.9,15.5,14.4,N/A,N/A
18/09/2018,12.3,N/A,14.0,14.7,11.1,N/A,N/A
19/09/2018,10.3,N/A,16.9,13.9,11.1,N/A,N/A
20/09/2018,9.4,N/A,15.0,15.4,10.6,N/A,N/A
21/09/2018,14.6,N/A,19.8,20.6,13.9,N/A,N/A
22/09/2018,N/A,N/A,16.8,15.9,13.3,N/A,N/A
23/09/2018,17.3,N/A,18.7,18.9,N/A,N/A,N/A
24/09/2018,19.5,N/A,20.9,22.4,N/A,N/A,N/A
25/09/2018,22.1,N/A,21.9,24.7,17.3,N/A,N/A
26/09/2018,12.1,N/A,17.2,17.5,N/A,N/A,N/A
27/09/2018,12.4,N/A,16.6,16.7,13.0,N/A,N/A
28/09/2018,13.5,N/A,20.9,21.8,15.2,N/A,N/A
29/09/2018,9.4,N/A,18.0,16.2,12.9,N/A,N/A
30/09/2018,8.6,N/A,13.5,11.6,10.1,N/A,N/A
01/10/2018,7.4,N/A,12.5,12.7,10.0,N/A,N/A
02/10/2018,8.5,N/A,12.4,11.8,8.3,N/A,N/A
03/10/2018,10.3,N/A,13.7,13.3,N/A,N/A,N/A
04/10/2018,10.6,N/A,16.3,13.7,10.6,N/A,N/A
05/10/2018,15.9,N/A,15.9,19.8,14.2,N/A,N/A
06/10/2018,11.9,N/A,8.3,16.1,14.6,N/A,N/A
07/10/2018,11.7,N/A,9.3,14.7,13.3,N/A,N/A
08/10/2018,14.2,N/A,12.2,18.0,15.0,N/A,N/A
09/10/2018,19.0,N/A,15.2,21.3,18.1,N/A,N/A
10/10/2018,19.4,N/A,18.8,21.5,15.9,N/A,N/A
11/10/2018,22.1,N/A,17.2,27.6,16.6,N/A,N/A
12/10/2018,21.5,N/A,18.0,20.9,15.0,N/A,N/A
13/10/2018,N/A,N/A,11.1,16.3,11.2,N/A,N/A
14/10/2018,11.2,N/A,N/A,15.4,9.1,N/A,N/A
15/10/2018,12.7,N/A,N/A,16.3,9.2,N/A,N/A
16/10/2018,17.3,N/A,11.9,19.7,12.3,N/A,N/A
17/10/2018,21.2,N/A,19.4,32.0,16.3,N/A,N/A
18/10/2018,46.7,N/A,38.4,42.9,39.0,37.5,N/A
19/10/2018,26.3,N/A,27.9,32.6,28.6,32.1,N/A
20/10/2018,26.6,N/A,22.4,32.2,21.8,N/A,N/A
21/10/2018,19.6,N/A,14.7,19.2,20.0,N/A,N/A
22/10/2018,23.6,N/A,18.5,23.2,17.4,N/A,N/A
23/10/2018,29.0,N/A,20.9,28.1,21.6,N/A,N/A
24/10/2018,33.3,N/A,26.3,37.8,23.4,N/A,N/A
25/10/2018,11.7,N/A,N/A,15.9,N/A,N/A,N/A
26/10/2018,6.0,N/A,N/A,5.0,N/A,N/A,N/A
27/10/2018,12.8,N/A,5.8,6.0,N/A,N/A,N/A
28/10/2018,14.1,N/A,5.5,9.0,7.1,N/A,N/A
29/10/2018,18.6,N/A,12.1,11.8,10.6,N/A,N/A
30/10/2018,18.9,N/A,15.2,15.2,10.1,N/A,N/A
31/10/2018,21.4,N/A,14.4,19.9,12.5,N/A,N/A
01/11/2018,26.0,N/A,16.7,20.8,14.2,N/A,N/A
02/11/2018,27.1,N/A,21.0,23.4,18.2,13.6,N/A
03/11/2018,39.0,N/A,35.6,36.6,30.9,32.2,N/A
04/11/2018,N/A,N/A,13.0,16.1,15.4,N/A,N/A
05/11/2018,N/A,N/A,13.2,12.5,12.8,12.4,N/A
06/11/2018,15.5,N/A,10.9,17.0,11.7,N/A,N/A
07/11/2018,17.0,N/A,15.8,14.5,10.1,12.8,N/A
08/11/2018,18.9,N/A,13.5,16.8,13.5,15.4,N/A
09/11/2018,20.2,N/A,15.2,15.5,14.5,15.7,N/A
10/11/2018,23.2,N/A,15.1,15.3,11.2,N/A,N/A
11/11/2018,14.2,N/A,9.4,9.5,N/A,N/A,N/A
12/11/2018,16.0,N/A,15.7,16.3,17.0,N/A,N/A
13/11/2018,22.6,N/A,18.4,17.9,14.4,N/A,N/A
14/11/2018,18.3,N/A,14.4,17.2,N/A,N/A,N/A
15/11/2018,13.0,N/A,9.9,9.2,N/A,N/A,N/A
16/11/2018,15.5,N/A,12.5,11.0,8.1,N/A,N/A
17/11/2018,14.9,N/A,11.8,11.4,8.9,N/A,N/A
18/11/2018,17.5,N/A,13.8,14.1,12.6,N/A,N/A
19/11/2018,19.7,N/A,16.3,18.8,16.7,N/A,N/A
20/11/2018,24.4,N/A,19.6,28.1,18.0,N/A,N/A
21/11/2018,18.0,N/A,19.3,27.0,16.4,N/A,N/A
22/11/2018,N/A,N/A,16.2,14.3,12.6,N/A,N/A
23/11/2018,N/A,N/A,N/A,10.3,6.8,N/A,N/A
24/11/2018,N/A,N/A,N/A,8.7,7.4,N/A,N/A
25/11/2018,19.6,N/A,14.9,16.3,10.3,N/A,N/A
26/11/2018,20.4,N/A,12.2,14.0,6.7,N/A,N/A
27/11/2018,18.2,N/A,12.9,15.1,7.2,N/A,8.1
28/11/2018,19.0,N/A,23.6,22.0,16.1,N/A,14.3
29/11/2018,17.4,N/A,22.4,22.3,17.8,N/A,N/A
30/11/2018,14.2,N/A,11.2,12.7,6.7,4.9,N/A
01/12/2018,18.7,N/A,N/A,10.2,5.2,4.7,N/A
02/12/2018,N/A,N/A,N/A,13.9,6.2,5.9,N/A
03/12/2018,21.0,N/A,N/A,18.4,14.3,N/A,N/A
04/12/2018,9.8,N/A,N/A,12.7,N/A,N/A,7.3
05/12/2018,6.6,N/A,N/A,7.3,N/A,N/A,N/A
06/12/2018,16.8,N/A,N/A,8.3,N/A,N/A,N/A
07/12/2018,21.7,N/A,N/A,8.2,4.6,N/A,N/A
08/12/2018,18.6,N/A,23.2,13.7,N/A,N/A,N/A
09/12/2018,20.3,N/A,24.6,15.0,6.0,N/A,N/A
10/12/2018,13.4,N/A,19.0,10.0,N/A,N/A,N/A
11/12/2018,9.0,N/A,13.2,N/A,7.9,N/A,N/A
12/12/2018,11.7,N/A,12.5,7.3,6.5,N/A,N/A
13/12/2018,15.1,N/A,18.1,14.9,5.7,N/A,N/A
14/12/2018,16.2,N/A,21.2,24.6,5.9,7.6,N/A
15/12/2018,N/A,N/A,22.7,10.9,8.9,11.7,N/A
16/12/2018,N/A,N/A,23.2,18.5,14.1,16.0,N/A
17/12/2018,26.9,N/A,27.6,21.0,9.8,11.2,N/A
18/12/2018,18.9,N/A,16.9,15.5,6.6,5.8,N/A
19/12/2018,N/A,N/A,N/A,N/A,N/A,N/A,N/A
20/12/2018,14.6,N/A,18.1,12.0,6.0,14.0,N/A
21/12/2018,26.3,N/A,20.0,15.2,3.9,N/A,N/A
22/12/2018,16.8,N/A,17.3,14.8,8.2,N/A,N/A
23/12/2018,24.7,N/A,20.3,16.5,9.2,9.0,N/A
24/12/2018,23.9,N/A,23.0,16.3,8.0,10.2,N/A
25/12/2018,18.5,N/A,17.2,13.1,9.6,10.0,N/A
26/12/2018,N/A,N/A,11.9,8.2,8.2,N/A,N/A
27/12/2018,N/A,N/A,14.1,10.5,7.7,N/A,N/A
28/12/2018,N/A,N/A,17.6,13.0,N/A,N/A,N/A
29/12/2018,34.8,N/A,19.0,25.1,8.1,N/A,N/A
30/12/2018,25.5,N/A,15.8,18.7,7.6,N/A,N/A
31/12/2018,23.0,N/A,23.0,31.5,7.1,N/A,N/A
01/01/2019,N/A,N/A,19.0,15.9,N/A,N/A,N/A
02/01/2019,21.9,N/A,18.4,15.1,10.7,N/A,N/A
03/01/2019,18.3,N/A,12.8,9.8,5.3,N/A,N/A
04/01/2019,14.3,N/A,19.4,12.2,12.9,N/A,N/A
05/01/2019,17.4,N/A,15.3,9.6,5.6,N/A,N/A
06/01/2019,N/A,N/A,8.9,6.2,5.6,N/A,N/A
07/01/2019,12.8,N/A,11.6,12.4,5.8,N/A,N/A
08/01/2019,N/A,N/A,11.2,8.5,6.8,N/A,N/A
09/01/2019,N/A,N/A,16.6,17.5,9.0,N/A,N/A
10/01/2019,18.4,N/A,16.2,26.3,6.3,7.0,N/A
11/01/2019,N/A,N/A,20.9,14.8,10.1,N/A,N/A
12/01/2019,28.0,N/A,22.1,17.8,13.5,N/A,N/A
13/01/2019,24.8,N/A,20.3,19.9,14.3,N/A,N/A
14/01/2019,17.9,N/A,16.2,12.7,8.5,N/A,N/A
15/01/2019,N/A,N/A,18.1,15.5,25.7,N/A,N/A
16/01/2019,N/A,N/A,22.8,24.1,24.2,N/A,N/A
17/01/2019,N/A,N/A,11.8,8.4,5.3,N/A,N/A
18/01/2019,N/A,N/A,25.8,26.0,5.9,4.8,N/A
19/01/2019,N/A,N/A,19.1,32.6,6.5,6.4,N/A
20/01/2019,N/A,N/A,22.1,20.6,12.2,11.2,N/A
21/01/2019,N/A,N/A,25.9,15.7,14.0,12.8,N/A
22/01/2019,N/A,N/A,31.3,27.7,14.6,N/A,N/A
23/01/2019,35.4,N/A,32.5,27.5,15.0,10.8,N/A
24/01/2019,32.9,N/A,30.0,24.7,21.2,17.5,N/A
25/01/2019,44.0,N/A,52.0,49.4,36.0,35.6,N/A
26/01/2019,44.2,N/A,47.4,38.2,31.6,27.8,N/A
27/01/2019,74.9,N/A,71.2,71.3,55.4,43.7,N/A
28/01/2019,27.1,N/A,24.7,27.1,9.0,N/A,N/A
29/01/2019,21.1,N/A,18.9,15.9,6.3,N/A,N/A
30/01/2019,24.7,N/A,22.4,13.2,10.0,N/A,N/A
31/01/2019,46.5,N/A,16.1,12.7,9.4,N/A,N/A
01/02/2019,N/A,N/A,12.8,8.4,7.7,5.1,N/A
02/02/2019,18.0,N/A,17.7,11.1,6.4,N/A,N/A
03/02/2019,26.3,N/A,17.5,15.0,7.7,3.6,N/A
04/02/2019,27.3,N/A,20.9,12.7,10.9,8.4,N/A
05/02/2019,18.6,N/A,18.4,12.6,12.4,10.3,N/A
06/02/2019,23.0,N/A,24.3,16.8,N/A,N/A,N/A
07/02/2019,18.2,N/A,22.7,16.0,N/A,N/A,N/A
08/02/2019,21.3,N/A,24.8,19.6,13.0,N/A,N/A
09/02/2019,18.1,N/A,16.2,12.4,5.9,N/A,N/A
10/02/2019,27.7,N/A,16.2,12.8,7.6,N/A,N/A
11/02/2019,22.0,N/A,14.3,14.1,7.4,N/A,N/A
12/02/2019,24.5,N/A,19.0,17.2,8.4,N/A,N/A
13/02/2019,20.2,N/A,26.5,17.1,11.3,N/A,N/A
14/02/2019,16.0,N/A,11.8,10.5,7.0,N/A,N/A
15/02/2019,N/A,N/A,7.8,7.1,N/A,N/A,N/A
16/02/2019,N/A,N/A,14.9,12.9,5.3,N/A,N/A
17/02/2019,24.7,N/A,14.9,13.5,6.0,N/A,N/A
18/02/2019,28.3,N/A,17.6,18.2,10.7,7.2,N/A
19/02/2019,22.6,N/A,20.3,19.9,12.9,9.5,N/A
20/02/2019,19.9,N/A,21.7,15.3,12.4,10.7,N/A
21/02/2019,22.4,N/A,20.9,15.8,8.0,N/A,N/A
22/02/2019,26.0,N/A,17.9,17.9,8.0,N/A,N/A
23/02/2019,31.6,N/A,20.0,20.5,9.1,N/A,N/A
24/02/2019,31.4,N/A,20.7,18.2,12.7,N/A,N/A
25/02/2019,32.3,N/A,27.3,23.9,19.9,15.3,N/A
26/02/2019,27.4,N/A,25.3,22.9,18.4,12.4,N/A
27/02/2019,16.6,N/A,14.1,13.0,12.1,N/A,N/A
28/02/2019,13.0,N/A,10.3,7.8,6.1,N/A,N/A
01/03/2019,15.9,N/A,N/A,9.9,7.8,N/A,N/A
02/03/2019,19.6,N/A,15.6,15.8,9.7,N/A,N/A
03/03/2019,20.1,N/A,11.4,10.2,5.7,N/A,N/A
04/03/2019,22.5,N/A,13.1,17.0,8.0,N/A,N/A
05/03/2019,N/A,N/A,17.5,15.3,10.5,N/A,N/A
06/03/2019,19.0,N/A,N/A,13.6,10.4,N/A,N/A
07/03/2019,19.4,N/A,18.2,13.8,11.5,N/A,N/A
08/03/2019,18.1,N/A,15.0,10.8,8.9,N/A,N/A
09/03/2019,22.8,N/A,23.4,17.5,13.5,12.2,N/A
10/03/2019,21.2,N/A,N/A,19.4,14.3,10.4,N/A
11/03/2019,20.4,N/A,18.1,14.4,11.2,9.2,N/A
12/03/2019,N/A,N/A,17.4,13.6,9.8,N/A,N/A
13/03/2019,25.1,N/A,N/A,18.9,12.3,N/A,N/A
14/03/2019,16.2,N/A,N/A,6.9,4.7,N/A,N/A
15/03/2019,15.2,N/A,15.1,11.5,6.9,5.4,N/A
16/03/2019,12.3,N/A,10.5,5.3,N/A,N/A,N/A
17/03/2019,16.4,N/A,13.2,10.9,11.2,N/A,N/A
18/03/2019,18.7,N/A,13.7,11.7,10.0,N/A,N/A
19/03/2019,22.5,N/A,20.1,16.8,16.0,9.0,N/A
20/03/2019,26.0,N/A,25.5,19.9,16.9,N/A,N/A
21/03/2019,21.5,N/A,21.8,20.5,15.9,N/A,N/A
22/03/2019,18.2,N/A,17.7,N/A,11.2,5.5,N/A
23/03/2019,18.2,N/A,16.8,17.0,9.4,4.5,N/A
24/03/2019,15.1,N/A,11.4,11.4,7.3,4.8,N/A
25/03/2019,N/A,N/A,7.9,6.3,5.7,3.3,N/A
26/03/2019,13.2,N/A,10.2,10.2,6.4,4.7,N/A
27/03/2019,19.1,N/A,16.7,14.7,11.3,N/A,N/A
28/03/2019,22.0,N/A,19.7,17.6,14.0,13.5,N/A
29/03/2019,13.9,N/A,16.8,11.6,11.0,N/A,N/A
30/03/2019,12.7,N/A,16.5,12.2,8.6,6.8,N/A
31/03/2019,14.8,N/A,N/A,6.3,8.4,8.2,N/A
01/04/2019,14.4,N/A,12.5,10.8,8.4,N/A,N/A
02/04/2019,21.1,N/A,16.7,14.4,9.4,9.9,N/A
03/04/2019,20.7,N/A,15.8,14.7,9.4,N/A,N/A
04/04/2019,18.6,N/A,18.9,15.1,10.0,N/A,N/A
05/04/2019,21.4,N/A,20.9,17.5,11.2,11.2,N/A
06/04/2019,28.1,N/A,25.7,23.6,16.7,12.6,N/A
07/04/2019,19.9,N/A,N/A,15.7,10.8,8.2,N/A
08/04/2019,22.3,N/A,21.6,19.2,13.9,11.1,N/A
09/04/2019,20.2,N/A,N/A,16.6,14.7,12.2,N/A
10/04/2019,13.3,N/A,N/A,8.2,7.4,5.5,N/A
11/04/2019,N/A,N/A,14.6,10.5,7.2,6.5,N/A
12/04/2019,14.1,N/A,N/A,10.9,8.6,5.7,N/A
13/04/2019,16.7,N/A,18.3,12.4,11.8,N/A,N/A
14/04/2019,22.5,N/A,22.4,22.1,14.0,12.2,N/A
15/04/2019,13.1,N/A,N/A,8.8,9.6,6.7,N/A
16/04/2019,10.7,N/A,9.1,N/A,5.3,N/A,N/A
17/04/2019,N/A,N/A,13.1,10.1,10.3,N/A,N/A
18/04/2019,20.8,N/A,28.8,17.1,14.9,11.3,N/A
19/04/2019,17.1,N/A,21.8,11.9,11.1,N/A,N/A
20/04/2019,16.3,N/A,22.9,12.8,10.5,10.2,N/A
21/04/2019,9.2,N/A,10.1,6.8,6.3,4.6,N/A
22/04/2019,N/A,N/A,9.8,7.1,4.9,4.5,N/A
23/04/2019,N/A,N/A,11.3,6.8,6.5,5.5,N/A
24/04/2019,14.5,N/A,17.3,N/A,8.4,6.4,N/A
25/04/2019,N/A,N/A,17.3,14.1,10.0,10.5,N/A
26/04/2019,24.1,N/A,21.3,14.4,13.8,18.9,N/A
27/04/2019,22.0,N/A,27.0,20.2,14.5,16.6,N/A
28/04/2019,43.0,N/A,44.3,N/A,24.8,18.7,N/A
29/04/2019,N/A,N/A,34.7,N/A,23.2,18.4,N/A
30/04/2019,29.6,N/A,32.6,N/A,20.8,16.9,N/A
01/05/2019,N/A,N/A,32.2,25.6,21.4,14.4,N/A
02/05/2019,23.5,N/A,25.7,21.9,17.3,12.6,N/A
03/05/2019,14.4,N/A,17.2,10.5,12.2,5.4,N/A
04/05/2019,15.6,N/A,20.5,11.9,10.0,6.7,N/A
05/05/2019,12.9,N/A,15.6,11.2,8.3,5.9,N/A
06/05/2019,20.3,N/A,26.6,19.3,13.8,12.1,N/A
07/05/2019,15.7,N/A,22.0,14.7,12.9,11.5,N/A
08/05/2019,11.1,N/A,16.9,11.1,N/A,6.3,N/A
09/05/2019,12.1,N/A,13.9,10.5,8.7,6.5,N/A
10/05/2019,13.2,N/A,20.2,15.7,11.1,8.1,N/A
11/05/2019,10.2,N/A,N/A,11.5,6.6,8.4,N/A
12/05/2019,15.5,N/A,16.8,14.6,9.0,7.7,N/A
13/05/2019,12.7,N/A,N/A,16.5,9.4,4.6,N/A
14/05/2019,13.5,N/A,16.0,14.0,8.7,8.2,N/A
15/05/2019,N/A,N/A,23.9,18.3,14.8,10.9,N/A
16/05/2019,14.8,N/A,22.1,17.8,12.4,9.0,N/A
17/05/2019,20.7,N/A,21.2,19.1,13.5,10.7,N/A
18/05/2019,11.4,N/A,14.7,11.4,9.0,5.6,8.0
19/05/2019,15.8,N/A,16.8,13.9,12.0,10.1,14.9
20/05/2019,19.6,N/A,24.7,22.0,17.6,12.6,23.7
21/05/2019,11.7,N/A,19.1,16.3,12.8,6.3,N/A
22/05/2019,N/A,N/A,19.7,18.0,12.5,10.2,N/A
23/05/2019,N/A,N/A,26.3,18.5,15.1,11.7,N/A
24/05/2019,N/A,N/A,31.3,23.5,16.6,13.0,N/A
25/05/2019,N/A,N/A,15.2,10.5,10.4,9.0,N/A
26/05/2019,N/A,N/A,N/A,13.1,9.7,10.3,N/A
27/05/2019,N/A,N/A,N/A,16.1,13.0,8.7,N/A
28/05/2019,N/A,N/A,20.7,15.3,14.2,8.6,N/A
29/05/2019,N/A,N/A,19.6,15.2,10.8,8.9,N/A
30/05/2019,20.2,N/A,21.3,16.8,14.7,14.0,N/A
31/05/2019,17.6,N/A,20.6,15.2,15.1,9.2,N/A
01/06/2019,21.5,N/A,21.6,19.6,14.0,10.9,N/A
02/06/2019,19.7,N/A,25.4,19.5,17.5,14.9,N/A
03/06/2019,18.5,N/A,23.5,18.9,15.4,13.2,N/A
04/06/2019,19.1,N/A,28.2,21.0,15.3,13.4,N/A
05/06/2019,15.8,N/A,21.3,15.9,15.6,9.4,N/A
06/06/2019,12.6,N/A,17.5,11.6,13.8,9.3,N/A
07/06/2019,14.0,N/A,18.0,14.1,11.2,7.6,N/A
08/06/2019,18.5,N/A,21.2,18.2,N/A,10.8,14.6
09/06/2019,18.5,N/A,21.1,16.6,N/A,13.2,15.7
10/06/2019,23.5,N/A,27.1,24.0,20.8,16.3,19.4
11/06/2019,27.9,N/A,29.5,28.0,21.8,14.6,21.5
12/06/2019,23.0,N/A,29.8,25.9,20.2,16.4,19.5
13/06/2019,22.9,N/A,27.9,24.2,20.0,15.7,16.8
14/06/2019,22.0,N/A,31.3,30.2,22.2,N/A,24.2
15/06/2019,18.9,N/A,23.5,22.7,18.6,N/A,16.3
16/06/2019,18.3,N/A,23.8,22.1,18.3,N/A,19.9
17/06/2019,17.9,N/A,26.4,23.9,19.5,N/A,20.5
18/06/2019,21.7,N/A,25.6,23.7,19.3,N/A,18.3
19/06/2019,22.3,N/A,28.7,24.8,19.5,17.6,19.2
20/06/2019,24.8,N/A,31.9,25.6,21.7,19.9,19.4
21/06/2019,21.6,N/A,32.2,28.8,23.9,13.1,18.7
22/06/2019,18.8,N/A,27.9,25.6,20.9,15.0,22.8
23/06/2019,17.0,N/A,27.5,27.1,22.1,14.8,19.6
24/06/2019,15.1,N/A,21.5,20.3,N/A,11.8,17.8
25/06/2019,17.5,N/A,23.2,20.3,N/A,12.2,17.6
26/06/2019,18.4,N/A,23.7,22.8,16.4,13.1,14.6
27/06/2019,20.4,N/A,26.4,21.7,17.9,14.6,21.7
28/06/2019,25.5,N/A,31.9,26.5,24.2,21.5,26.7
29/06/2019,26.2,N/A,31.6,N/A,22.8,17.7,27.1
30/06/2019,12.9,N/A,23.7,19.4,18.9,11.0,19.4
01/07/2019,7.4,N/A,11.6,7.6,6.8,5.6,9.8
02/07/2019,7.6,N/A,12.6,8.1,N/A,5.9,8.8
03/07/2019,14.1,N/A,16.1,12.9,12.8,10.9,14.8
04/07/2019,17.8,N/A,23.8,22.6,18.6,13.1,20.7
05/07/2019,19.0,N/A,29.3,22.5,20.4,13.6,23.8
06/07/2019,16.5,N/A,26.7,19.9,18.2,12.3,22.1
07/07/2019,18.4,N/A,25.5,20.0,18.9,13.8,22.3
08/07/2019,17.7,N/A,24.7,19.1,15.8,13.7,22.5
09/07/2019,23.2,N/A,29.9,24.7,19.2,14.5,20.1
10/07/2019,19.9,N/A,26.4,18.6,18.3,15.9,22.7
11/07/2019,24.6,N/A,31.6,23.8,22.9,16.4,26.9
12/07/2019,20.4,N/A,27.4,20.5,16.7,14.8,19.7
13/07/2019,18.0,N/A,21.1,15.7,15.9,12.1,17.1
14/07/2019,18.6,N/A,22.0,16.8,16.4,14.1,N/A
15/07/2019,15.8,N/A,17.9,14.0,14.8,11.5,19.4
16/07/2019,15.0,N/A,16.3,N/A,12.2,7.3,10.6
17/07/2019,N/A,N/A,15.9,N/A,10.2,6.9,13.0
18/07/2019,N/A,N/A,16.9,N/A,14.4,8.3,18.6
19/07/2019,N/A,N/A,17.9,17.6,18.3,9.0,22.5
20/07/2019,N/A,N/A,17.7,16.0,17.6,10.7,18.3
21/07/2019,N/A,N/A,18.5,15.2,17.4,8.2,26.4
22/07/2019,N/A,N/A,17.5,14.9,18.1,7.4,20.1
23/07/2019,16.9,N/A,21.3,17.7,20.1,7.9,18.1
24/07/2019,16.9,N/A,19.1,15.9,16.6,8.3,19.7
25/07/2019,23.5,N/A,24.4,23.8,22.3,11.5,26.4
26/07/2019,26.0,N/A,27.3,26.3,24.5,10.4,25.2
27/07/2019,20.1,N/A,20.2,20.7,20.4,11.4,25.0
28/07/2019,29.0,N/A,25.9,29.4,17.9,11.4,20.1
29/07/2019,25.5,N/A,27.0,21.7,19.0,10.9,22.0
30/07/2019,24.7,N/A,21.8,17.1,17.8,16.0,19.0
31/07/2019,17.3,N/A,19.3,16.4,N/A,10.5,17.0
01/08/2019,17.3,N/A,18.1,17.3,N/A,10.6,21.2
02/08/2019,29.0,N/A,26.0,25.2,22.7,17.6,26.5
03/08/2019,25.2,N/A,24.7,22.3,22.2,17.2,22.3
04/08/2019,27.3,N/A,29.3,25.0,24.9,19.3,26.0
05/08/2019,23.8,N/A,24.6,22.2,22.9,N/A,24.3
06/08/2019,25.5,N/A,23.8,21.7,19.6,N/A,23.8
07/08/2019,19.6,N/A,22.5,21.2,20.8,12.3,25.0
08/08/2019,11.8,N/A,16.1,13.6,13.6,6.2,13.5
09/08/2019,9.7,N/A,16.2,13.7,15.1,7.6,18.3
10/08/2019,13.6,N/A,22.6,19.3,17.7,7.4,19.9
11/08/2019,12.4,N/A,21.9,18.9,19.7,7.7,20.0
12/08/2019,12.5,N/A,20.5,17.4,15.6,6.2,17.3
13/08/2019,9.9,N/A,18.8,16.6,15.6,8.3,16.6
14/08/2019,16.6,N/A,22.1,19.5,18.0,11.8,21.7
15/08/2019,16.4,N/A,21.8,19.8,18.4,12.1,N/A
16/08/2019,13.2,N/A,17.7,17.6,16.0,11.0,N/A
17/08/2019,26.5,N/A,26.9,25.0,22.9,19.1,N/A
18/08/2019,23.2,N/A,25.2,19.6,20.6,14.5,N/A
19/08/2019,16.5,N/A,19.5,16.4,18.0,11.4,N/A
20/08/2019,11.9,N/A,17.9,16.5,15.4,8.6,N/A
21/08/2019,9.7,N/A,14.3,13.5,14.8,7.2,13.2
22/08/2019,14.6,N/A,16.5,16.3,16.7,11.1,18.9
23/08/2019,14.9,N/A,18.5,17.0,18.9,N/A,19.1
24/08/2019,12.7,N/A,15.1,13.5,14.5,9.1,14.7
25/08/2019,11.6,N/A,19.2,18.5,15.9,7.9,17.6
26/08/2019,15.5,N/A,20.3,18.3,17.4,9.5,19.6
27/08/2019,18.7,N/A,21.8,21.0,18.7,10.5,24.8
28/08/2019,17.9,N/A,25.8,22.1,21.2,9.7,N/A
29/08/2019,18.8,N/A,24.5,25.5,21.6,9.8,N/A
30/08/2019,17.3,N/A,21.2,20.5,19.7,12.2,N/A
31/08/2019,19.1,N/A,22.0,21.1,19.4,12.1,N/A
01/09/2019,15.0,N/A,19.2,18.7,18.3,9.1,N/A
02/09/2019,15.4,N/A,18.6,16.8,18.0,10.9,N/A
03/09/2019,19.2,N/A,22.5,20.4,21.4,14.0,N/A
04/09/2019,20.9,N/A,23.6,22.8,22.2,14.7,21.1
05/09/2019,20.5,N/A,23.2,23.7,21.4,15.9,22.3
06/09/2019,21.3,N/A,21.7,21.9,19.6,14.6,21.6
07/09/2019,21.6,N/A,22.7,23.4,22.4,16.3,24.9
08/09/2019,18.1,N/A,24.8,21.8,21.8,11.6,18.9
09/09/2019,15.8,N/A,19.2,18.4,18.2,10.2,23.5
10/09/2019,22.0,N/A,26.2,23.6,22.3,13.4,25.7
11/09/2019,21.4,N/A,23.2,22.6,22.0,15.6,22.6
12/09/2019,15.3,N/A,22.1,22.3,21.3,9.2,22.2
13/09/2019,17.6,N/A,18.8,18.6,17.0,8.7,26.1
14/09/2019,22.2,N/A,22.1,21.6,18.9,11.7,25.9
15/09/2019,15.0,N/A,19.6,19.6,16.2,9.5,19.4
16/09/2019,14.9,N/A,14.5,12.4,12.6,7.2,16.4
17/09/2019,14.7,N/A,14.4,13.1,12.9,7.1,15.4
18/09/2019,15.8,N/A,13.7,14.6,13.4,9.3,15.5
19/09/2019,16.8,N/A,16.1,15.7,15.1,9.7,N/A
20/09/2019,12.7,N/A,12.3,12.3,14.0,7.9,N/A
21/09/2019,14.9,N/A,16.2,14.9,15.4,9.6,N/A
22/09/2019,6.5,N/A,7.7,6.8,8.7,5.2,N/A
23/09/2019,11.1,N/A,11.3,11.2,12.2,6.6,14.7
24/09/2019,15.4,N/A,13.7,14.0,11.9,7.1,12.5
25/09/2019,11.0,N/A,12.6,11.5,N/A,7.6,12.9
26/09/2019,13.1,N/A,13.6,13.1,12.5,8.2,16.4
27/09/2019,13.5,N/A,14.5,13.7,12.3,8.4,14.9
28/09/2019,16.0,N/A,14.4,13.7,14.8,10.8,16.7
29/09/2019,15.9,N/A,15.9,16.8,17.8,10.8,17.0
30/09/2019,16.4,N/A,17.0,17.2,15.3,8.0,13.4
01/10/2019,16.4,N/A,15.9,15.1,16.2,11.2,16.8
02/10/2019,20.7,N/A,18.2,17.8,16.4,11.4,18.0
03/10/2019,19.7,N/A,18.3,N/A,N/A,11.0,15.5
04/10/2019,N/A,N/A,14.6,N/A,N/A,7.0,11.4
05/10/2019,N/A,N/A,N/A,N/A,N/A,5.5,12.9
06/10/2019,N/A,N/A,N/A,10.3,11.1,N/A,11.1
07/10/2019,N/A,N/A,N/A,11.0,9.8,5.3,8.4
08/10/2019,N/A,N/A,N/A,7.6,16.3,N/A,9.1
09/10/2019,10.3,N/A,N/A,9.2,15.7,4.9,11.6
10/10/2019,12.6,N/A,N/A,9.5,N/A,6.0,17.0
11/10/2019,15.9,N/A,18.2,15.5,N/A,N/A,15.0
12/10/2019,14.0,N/A,15.6,13.3,N/A,N/A,20.8
13/10/2019,13.8,N/A,12.3,11.6,N/A,8.1,18.4
14/10/2019,20.8,N/A,20.0,17.0,N/A,9.1,27.2
15/10/2019,22.5,N/A,24.5,N/A,N/A,9.9,32.1
16/10/2019,N/A,N/A,15.0,15.5,20.3,N/A,18.1
17/10/2019,N/A,N/A,N/A,N/A,N/A,11.9,16.0
18/10/2019,N/A,N/A,N/A,N/A,N/A,14.8,24.1
19/10/2019,N/A,N/A,N/A,N/A,27.4,16.0,27.9
20/10/2019,N/A,N/A,N/A,N/A,29.2,22.5,27.0
21/10/2019,N/A,N/A,N/A,N/A,26.8,15.4,30.9
22/10/2019,N/A,N/A,N/A,N/A,N/A,12.2,23.7
23/10/2019,21.2,N/A,N/A,N/A,N/A,12.9,14.7
24/10/2019,16.0,N/A,16.2,N/A,N/A,10.5,11.4
25/10/2019,17.9,N/A,14.8,N/A,N/A,9.3,18.2
26/10/2019,21.4,N/A,20.3,N/A,25.5,13.2,19.1
27/10/2019,13.8,N/A,N/A,N/A,N/A,10.3,21.6
28/10/2019,8.8,N/A,N/A,N/A,N/A,5.7,N/A
29/10/2019,16.6,N/A,N/A,N/A,N/A,10.0,N/A
30/10/2019,20.7,N/A,N/A,N/A,N/A,13.8,23.5
31/10/2019,18.4,N/A,N/A,N/A,N/A,12.7,20.4
01/11/2019,17.5,N/A,N/A,N/A,N/A,N/A,16.9
02/11/2019,11.0,N/A,12.6,N/A,8.9,N/A,19.8
03/11/2019,13.7,N/A,11.0,N/A,9.7,N/A,14.3
04/11/2019,17.8,N/A,16.7,N/A,12.1,N/A,18.6
05/11/2019,22.4,N/A,20.0,N/A,17.1,N/A,19.3
06/11/2019,26.9,N/A,24.6,N/A,21.5,14.9,25.7
07/11/2019,28.1,N/A,28.7,N/A,17.9,13.4,28.2
08/11/2019,32.1,N/A,28.3,N/A,24.6,17.6,31.0
09/11/2019,31.3,N/A,27.3,N/A,23.5,19.4,35.9
10/11/2019,26.2,N/A,21.5,N/A,21.3,18.9,29.7
11/11/2019,26.8,N/A,25.0,N/A,20.4,14.8,28.5
12/11/2019,30.1,N/A,26.5,N/A,19.3,15.1,27.5
13/11/2019,30.8,N/A,27.2,N/A,21.2,18.5,35.9
14/11/2019,28.9,N/A,29.7,N/A,23.6,18.4,34.6
15/11/2019,25.6,N/A,27.2,N/A,17.8,16.8,27.7
16/11/2019,21.5,N/A,23.4,N/A,14.1,14.0,23.7
17/11/2019,26.5,N/A,27.0,N/A,24.5,20.1,28.3
18/11/2019,20.8,N/A,14.5,N/A,12.1,10.3,N/A
19/11/2019,17.7,N/A,15.2,N/A,14.0,7.8,20.0
20/11/2019,21.6,N/A,19.6,N/A,14.1,13.9,20.9
21/11/2019,19.3,N/A,20.9,N/A,24.4,10.4,20.0
22/11/2019,21.3,N/A,22.9,N/A,16.2,13.9,N/A
23/11/2019,31.8,N/A,25.9,N/A,18.4,19.1,25.0
24/11/2019,28.1,N/A,21.8,N/A,16.5,15.8,23.8
25/11/2019,29.8,N/A,28.9,N/A,23.1,21.6,23.8
26/11/2019,24.1,N/A,25.3,N/A,21.1,18.8,20.4
27/11/2019,13.4,N/A,N/A,N/A,N/A,4.1,10.5
28/11/2019,16.9,N/A,12.7,N/A,N/A,N/A,11.3
29/11/2019,16.2,N/A,12.0,N/A,N/A,4.2,10.9
30/11/2019,14.7,N/A,11.1,N/A,N/A,3.8,13.6
01/12/2019,9.2,N/A,8.1,N/A,N/A,3.4,11.0
02/12/2019,12.1,N/A,8.0,N/A,N/A,4.3,9.5
03/12/2019,15.1,N/A,10.8,N/A,N/A,3.5,9.0
04/12/2019,13.0,N/A,10.1,N/A,7.9,4.6,9.8
05/12/2019,13.2,N/A,8.7,N/A,13.6,5.4,9.8
06/12/2019,20.0,N/A,11.7,N/A,12.0,6.1,14.4
07/12/2019,17.0,N/A,14.1,N/A,14.3,7.2,16.7
08/12/2019,20.4,N/A,14.6,N/A,N/A,6.8,15.5
09/12/2019,23.9,N/A,16.1,N/A,N/A,7.2,15.3
10/12/2019,16.7,N/A,11.2,N/A,7.5,5.1,12.7
11/12/2019,14.1,N/A,13.1,N/A,9.6,10.3,12.6
12/12/2019,18.3,N/A,13.7,N/A,6.0,6.6,16.6
13/12/2019,27.4,N/A,12.7,N/A,4.9,6.2,9.1
14/12/2019,19.6,N/A,8.4,N/A,4.9,N/A,9.9
15/12/2019,24.6,N/A,10.2,N/A,7.3,N/A,15.0
16/12/2019,27.1,N/A,15.7,N/A,8.2,N/A,15.9
17/12/2019,22.7,N/A,15.4,N/A,6.0,5.3,15.1
18/12/2019,22.9,N/A,17.4,N/A,6.7,N/A,25.2
19/12/2019,26.9,N/A,25.0,N/A,12.0,N/A,30.8
20/12/2019,26.3,N/A,28.6,N/A,16.6,N/A,32.9
21/12/2019,27.8,N/A,30.8,N/A,N/A,N/A,22.3
22/12/2019,24.4,N/A,24.1,N/A,N/A,6.1,20.7
23/12/2019,25.0,N/A,19.3,N/A,N/A,6.7,16.8
24/12/2019,15.4,N/A,10.9,N/A,10.7,N/A,15.0
25/12/2019,18.6,N/A,6.2,N/A,7.8,N/A,9.6
26/12/2019,13.0,N/A,7.1,N/A,4.4,N/A,9.4
27/12/2019,20.5,N/A,9.4,N/A,4.0,N/A,14.8
28/12/2019,21.2,N/A,10.4,N/A,5.7,N/A,11.6
29/12/2019,12.5,N/A,14.9,N/A,N/A,N/A,8.3
30/12/2019,8.5,N/A,8.2,N/A,N/A,3.7,10.2
31/12/2019,27.3,N/A,21.0,N/A,N/A,2.4,7.9
01/01/2020,25.4,N/A,21.8,N/A,N/A,2.0,N/A
02/01/2020,13.7,N/A,11.0,N/A,N/A,N/A,N/A
03/01/2020,7.2,N/A,9.5,N/A,3.1,N/A,10.6
04/01/2020,13.7,N/A,14.5,N/A,N/A,3.5,9.1
05/01/2020,18.3,N/A,15.1,N/A,7.2,5.4,12.0
06/01/2020,11.7,N/A,17.1,N/A,8.7,4.2,13.9
07/01/2020,13.0,N/A,13.0,N/A,9.2,N/A,9.6
08/01/2020,14.3,N/A,8.1,N/A,2.3,N/A,9.7
09/01/2020,10.7,N/A,11.0,N/A,N/A,4.4,10.8
10/01/2020,19.0,N/A,11.3,N/A,6.5,4.9,19.7
11/01/2020,21.1,N/A,17.7,N/A,N/A,2.6,17.2
12/01/2020,17.8,N/A,20.4,N/A,N/A,4.1,11.6
13/01/2020,18.5,N/A,20.7,N/A,N/A,5.4,14.2
14/01/2020,25.3,N/A,28.6,N/A,12.0,8.9,20.0
15/01/2020,26.1,N/A,21.3,N/A,14.0,N/A,23.7
16/01/2020,18.1,N/A,14.4,N/A,11.6,N/A,13.5
17/01/2020,14.9,N/A,18.1,N/A,13.6,N/A,11.8
18/01/2020,22.9,N/A,21.1,N/A,13.3,9.2,18.0
19/01/2020,17.0,N/A,19.2,N/A,10.3,6.5,11.6
20/01/2020,12.9,N/A,11.5,N/A,11.0,5.4,17.4
21/01/2020,5.8,N/A,7.9,N/A,6.4,4.0,10.9
22/01/2020,14.6,N/A,12.6,N/A,6.0,6.2,14.8
23/01/2020,14.7,N/A,13.0,N/A,7.3,N/A,8.4
24/01/2020,6.8,N/A,7.6,N/A,5.9,4.1,14.1
25/01/2020,15.6,N/A,12.3,N/A,5.1,N/A,N/A
26/01/2020,22.1,N/A,11.7,N/A,6.0,N/A,N/A
27/01/2020,19.1,N/A,18.1,N/A,9.3,N/A,N/A
28/01/2020,26.8,N/A,22.4,N/A,12.5,12.6,N/A
29/01/2020,15.9,N/A,13.5,N/A,6.1,N/A,8.0
30/01/2020,15.8,N/A,8.7,N/A,6.2,N/A,7.0
31/01/2020,8.8,N/A,4.7,N/A,4.2,N/A,9.6
01/02/2020,11.2,N/A,6.8,9.4,6.0,N/A,18.1
02/02/2020,18.7,N/A,14.3,21.8,8.2,N/A,16.6
03/02/2020,27.0,N/A,21.3,27.9,9.9,N/A,14.1
04/02/2020,25.1,N/A,19.6,24.5,9.2,N/A,11.7
05/02/2020,13.6,N/A,8.7,10.1,11.2,5.7,18.0
06/02/2020,13.6,N/A,8.9,10.9,10.4,15.0,15.5
07/02/2020,7.3,N/A,N/A,5.7,4.6,N/A,7.1
08/02/2020,5.0,N/A,4.2,6.4,3.7,4.6,7.5
09/02/2020,4.1,N/A,6.9,6.9,N/A,4.7,N/A
10/02/2020,9.9,N/A,N/A,9.0,N/A,3.6,N/A
11/02/2020,16.5,N/A,18.1,15.9,N/A,6.6,N/A
12/02/2020,20.6,N/A,20.1,14.5,16.9,N/A,15.5
13/02/2020,22.5,N/A,19.3,14.7,17.2,N/A,17.9
14/02/2020,N/A,N/A,23.1,16.8,17.9,13.3,18.9
15/02/2020,N/A,N/A,14.7,12.4,13.6,12.6,20.2
16/02/2020,N/A,N/A,11.9,11.2,10.9,9.3,17.9
17/02/2020,N/A,N/A,14.0,14.5,9.9,8.0,14.2
18/02/2020,N/A,N/A,17.8,18.6,13.6,10.8,18.5
19/02/2020,N/A,N/A,21.8,18.2,16.4,13.0,14.3
20/02/2020,N/A,N/A,11.8,11.1,14.4,N/A,8.2
21/02/2020,N/A,N/A,10.9,8.4,7.6,N/A,9.6
22/02/2020,15.9,N/A,8.5,9.9,5.5,N/A,9.4
23/02/2020,20.1,N/A,9.4,10.7,8.2,N/A,13.5
24/02/2020,18.7,N/A,13.7,14.1,9.1,N/A,10.8
25/02/2020,14.2,N/A,10.9,13.5,10.7,N/A,12.5
26/02/2020,17.1,N/A,16.4,15.6,12.3,N/A,15.2
27/02/2020,18.4,N/A,19.7,18.0,12.7,N/A,10.6
28/02/2020,19.1,N/A,16.9,17.7,14.4,N/A,N/A
29/02/2020,10.0,N/A,7.0,9.3,N/A,N/A,7.9
01/03/2020,7.6,N/A,7.5,7.0,7.1,N/A,11.8
02/03/2020,10.7,N/A,11.3,10.3,7.4,N/A,9.9
03/03/2020,17.2,N/A,18.4,14.7,10.6,N/A,14.5
04/03/2020,20.4,N/A,22.7,14.8,13.4,11.2,16.4
05/03/2020,20.9,N/A,18.1,15.8,16.0,12.4,16.1
06/03/2020,8.9,N/A,15.2,13.8,9.7,N/A,7.6
07/03/2020,8.0,N/A,N/A,7.6,6.2,N/A,6.4
08/03/2020,9.6,N/A,12.6,10.9,7.4,N/A,11.6
09/03/2020,21.4,N/A,23.0,17.6,16.4,15.5,20.9
10/03/2020,10.7,N/A,15.3,11.6,6.9,6.9,6.1
11/03/2020,10.0,N/A,8.6,8.4,7.0,3.3,7.3
12/03/2020,19.5,N/A,20.6,20.0,15.1,N/A,16.2
13/03/2020,22.8,N/A,21.1,17.9,15.0,N/A,12.0
14/03/2020,19.0,N/A,27.9,24.6,18.7,N/A,14.4
15/03/2020,21.8,N/A,17.1,14.3,11.6,N/A,11.9
16/03/2020,13.2,N/A,11.1,11.0,7.5,N/A,7.6
17/03/2020,5.6,N/A,7.1,6.1,4.9,N/A,N/A
18/03/2020,5.3,N/A,7.7,7.4,4.6,N/A,4.6
19/03/2020,5.4,N/A,7.7,7.1,6.5,N/A,10.3
20/03/2020,6.5,N/A,8.0,5.9,4.5,N/A,N/A
21/03/2020,8.1,N/A,7.4,6.6,7.0,N/A,6.5
22/03/2020,7.3,N/A,8.5,7.5,6.6,N/A,4.8
23/03/2020,10.6,N/A,10.4,8.1,N/A,N/A,8.0
24/03/2020,14.2,N/A,11.1,N/A,7.4,6.6,8.7
25/03/2020,17.9,N/A,15.0,15.1,10.3,15.7,11.6
26/03/2020,24.8,N/A,31.3,22.5,17.2,17.4,20.6
27/03/2020,23.4,N/A,22.7,19.3,15.4,17.5,20.7
28/03/2020,11.0,N/A,14.7,12.5,9.7,8.9,N/A
29/03/2020,N/A,N/A,7.4,6.7,7.3,4.6,5.8
30/03/2020,7.8,N/A,7.6,8.0,6.1,5.6,8.3
31/03/2020,12.3,N/A,16.3,N/A,11.6,12.4,14.8
01/04/2020,17.3,N/A,17.3,N/A,14.7,14.9,12.1
02/04/2020,16.0,N/A,18.5,N/A,11.9,13.3,9.5
03/04/2020,7.3,N/A,6.0,7.3,5.8,N/A,N/A
04/04/2020,7.1,N/A,8.5,8.6,7.1,N/A,6.4
05/04/2020,11.6,N/A,14.9,10.6,11.7,12.2,11.7
06/04/2020,13.5,N/A,19.2,14.1,14.5,14.7,8.9
07/04/2020,6.2,N/A,7.2,8.2,6.9,5.5,4.8
08/04/2020,7.1,N/A,N/A,4.6,6.8,4.6,5.9
09/04/2020,8.3,N/A,N/A,6.2,7.3,5.2,6.7
10/04/2020,8.7,N/A,10.1,N/A,8.3,6.6,10.8
11/04/2020,10.7,N/A,12.9,14.3,10.7,8.8,15.1
12/04/2020,10.2,N/A,N/A,10.8,9.0,7.7,8.5
13/04/2020,13.1,N/A,N/A,13.6,10.6,9.0,8.3
14/04/2020,11.8,N/A,N/A,14.2,N/A,9.9,10.0
15/04/2020,9.6,N/A,16.5,16.4,11.9,9.7,11.3
16/04/2020,13.2,N/A,15.1,12.8,12.5,12.1,10.1
17/04/2020,12.7,N/A,13.0,12.4,12.4,9.4,N/A
18/04/2020,12.3,N/A,11.5,11.0,12.2,9.7,N/A
19/04/2020,N/A,N/A,12.6,10.5,11.5,9.8,N/A
20/04/2020,N/A,N/A,10.7,9.0,9.6,9.0,7.1
21/04/2020,N/A,N/A,9.4,6.9,7.5,8.3,N/A
22/04/2020,13.8,N/A,9.5,8.5,8.0,11.7,6.8
23/04/2020,19.3,N/A,18.8,N/A,12.1,15.6,17.7
24/04/2020,16.9,N/A,19.2,11.6,14.7,16.0,18.5
25/04/2020,11.2,N/A,10.2,8.7,12.3,7.9,9.8
26/04/2020,N/A,N/A,13.4,13.4,11.3,9.8,11.4
27/04/2020,15.3,N/A,12.9,10.8,9.8,12.0,9.2
28/04/2020,12.7,N/A,10.2,11.7,9.3,N/A,10.4
29/04/2020,13.6,N/A,11.0,10.6,11.0,7.4,12.8
30/04/2020,18.2,N/A,17.9,18.4,15.5,14.2,13.5
01/05/2020,9.3,N/A,11.8,11.6,9.4,8.3,7.6
02/05/2020,N/A,N/A,9.8,9.3,6.4,11.9,7.3
03/05/2020,9.2,N/A,8.0,8.1,6.9,8.2,9.4
04/05/2020,10.2,N/A,7.6,8.3,7.5,6.8,7.6
05/05/2020,7.0,N/A,6.1,7.7,5.1,N/A,9.1
06/05/2020,8.2,N/A,6.0,7.1,9.4,5.9,10.8
07/05/2020,11.2,N/A,10.3,9.5,6.9,6.3,N/A
08/05/2020,10.4,N/A,10.8,7.7,9.4,9.8,N/A
09/05/2020,8.0,N/A,8.1,7.8,7.3,4.8,13.0
10/05/2020,7.2,N/A,7.7,8.3,7.7,5.7,11.2
11/05/2020,14.7,N/A,15.0,11.5,11.6,9.5,16.6
12/05/2020,17.2,N/A,16.0,16.1,14.4,11.2,N/A
13/05/2020,N/A,N/A,10.3,14.2,11.8,5.7,6.6
14/05/2020,N/A,N/A,15.8,13.5,11.4,13.5,7.5
15/05/2020,N/A,N/A,16.6,14.4,12.0,9.0,11.1
16/05/2020,N/A,N/A,19.5,14.7,13.8,17.8,15.3
17/05/2020,N/A,N/A,25.0,20.9,19.6,26.8,21.7
18/05/2020,N/A,N/A,27.7,20.8,17.6,21.2,22.8
19/05/2020,N/A,N/A,33.1,26.7,25.0,25.7,29.5
20/05/2020,N/A,N/A,31.2,25.9,24.4,22.8,28.6
21/05/2020,N/A,N/A,31.3,27.1,23.1,25.3,23.5
22/05/2020,N/A,N/A,20.5,19.6,18.7,N/A,11.2
23/05/2020,N/A,N/A,8.3,8.6,8.5,6.3,4.5
24/05/2020,N/A,N/A,7.5,8.5,4.2,4.3,5.2
25/05/2020,N/A,N/A,6.4,5.8,6.1,5.0,N/A
26/05/2020,N/A,N/A,8.5,7.8,5.5,5.5,N/A
27/05/2020,N/A,N/A,10.9,10.1,9.6,6.6,N/A
28/05/2020,7.8,N/A,9.2,8.1,9.9,7.4,N/A
29/05/2020,8.6,N/A,9.3,8.7,9.0,7.0,N/A
30/05/2020,8.8,N/A,7.9,8.3,7.3,5.4,N/A
31/05/2020,7.6,N/A,8.5,7.9,7.7,5.4,N/A
01/06/2020,6.8,N/A,7.2,7.3,6.2,5.3,N/A
02/06/2020,8.9,N/A,9.7,7.0,6.5,7.0,N/A
03/06/2020,8.7,N/A,8.1,8.0,6.4,6.2,N/A
04/06/2020,8.9,N/A,9.3,8.1,7.6,4.1,3.4
05/06/2020,9.7,N/A,10.5,10.1,9.4,7.7,8.7
06/06/2020,11.1,N/A,17.0,14.2,13.4,9.4,5.5
07/06/2020,12.1,N/A,16.5,13.0,14.9,11.6,7.6
08/06/2020,10.4,N/A,16.6,12.8,12.5,10.2,11.0
09/06/2020,18.6,N/A,19.2,17.6,12.5,13.2,9.6
10/06/2020,10.8,N/A,15.5,12.7,N/A,7.5,7.9
11/06/2020,11.3,N/A,13.7,10.8,N/A,9.3,5.5
12/06/2020,9.9,N/A,13.6,10.0,9.6,8.5,4.6
13/06/2020,9.4,N/A,10.3,9.1,8.8,7.1,6.9
14/06/2020,12.6,N/A,N/A,13.9,13.1,10.7,6.2
15/06/2020,12.2,N/A,14.9,14.4,12.2,N/A,7.0
16/06/2020,10.0,N/A,15.2,12.9,10.0,7.1,5.8
17/06/2020,10.9,N/A,13.4,11.2,10.1,9.9,6.8
18/06/2020,13.4,N/A,15.3,13.5,12.5,8.7,7.1
19/06/2020,8.3,N/A,17.8,13.8,11.7,6.1,7.7
20/06/2020,9.9,N/A,15.7,12.5,12.2,6.4,8.9
21/06/2020,10.7,N/A,14.8,10.5,9.9,7.3,7.1
22/06/2020,13.8,N/A,14.7,13.6,10.3,11.0,10.4
23/06/2020,13.6,N/A,13.5,11.8,9.8,N/A,6.9
24/06/2020,6.7,N/A,10.6,8.8,7.6,N/A,N/A
25/06/2020,10.7,N/A,12.7,10.2,9.4,9.5,9.0
26/06/2020,12.7,N/A,18.4,14.9,13.9,9.3,9.4
27/06/2020,N/A,N/A,20.7,16.0,17.3,9.9,13.4
28/06/2020,14.4,N/A,N/A,18.1,16.3,11.5,15.8
29/06/2020,16.7,N/A,22.6,20.3,17.7,N/A,15.3
30/06/2020,19.7,N/A,23.7,19.4,17.3,N/A,11.9
01/07/2020,14.6,N/A,21.3,21.0,19.0,N/A,12.4
02/07/2020,13.5,N/A,20.0,17.5,16.8,N/A,12.3
03/07/2020,12.6,N/A,19.4,17.5,14.7,8.6,11.6
04/07/2020,17.8,N/A,20.4,16.6,19.1,17.3,19.6
05/07/2020,27.5,N/A,33.7,30.0,24.7,17.4,16.4
06/07/2020,25.4,N/A,26.9,24.3,23.8,N/A,N/A
07/07/2020,18.1,N/A,23.7,24.4,21.9,N/A,N/A
08/07/2020,N/A,N/A,13.4,13.7,11.4,N/A,N/A
09/07/2020,14.1,N/A,N/A,13.7,13.4,N/A,N/A
10/07/2020,18.3,N/A,20.5,18.5,18.6,N/A,N/A
11/07/2020,14.1,N/A,19.5,21.3,17.4,N/A,N/A
12/07/2020,19.8,N/A,22.6,19.8,17.8,N/A,N/A
13/07/2020,22.5,N/A,23.5,23.7,21.3,N/A,N/A
14/07/2020,21.3,N/A,23.6,22.6,21.8,19.7,N/A
15/07/2020,22.6,N/A,26.3,24.2,24.4,16.5,N/A
16/07/2020,16.6,N/A,22.1,20.7,15.3,N/A,N/A
17/07/2020,17.2,N/A,16.5,15.6,13.2,13.9,18.8
18/07/2020,15.6,N/A,18.7,16.1,16.9,15.2,17.6
19/07/2020,15.6,N/A,19.1,16.9,15.4,15.5,17.3
20/07/2020,17.6,N/A,20.5,19.7,19.3,12.6,18.8
21/07/2020,16.6,N/A,18.1,19.0,18.2,13.1,19.9
22/07/2020,15.8,N/A,24.2,21.5,N/A,12.0,21.3
23/07/2020,13.2,N/A,19.1,16.9,N/A,7.3,17.3
24/07/2020,11.9,N/A,17.5,15.2,14.9,8.5,17.3
25/07/2020,15.6,N/A,20.0,18.7,18.4,11.8,20.9
26/07/2020,15.8,N/A,18.4,16.1,15.5,11.9,22.2
27/07/2020,14.8,N/A,19.7,17.6,14.3,11.7,18.3
28/07/2020,22.1,N/A,26.5,25.0,20.2,N/A,25.0
29/07/2020,17.1,N/A,20.4,18.9,16.5,12.4,14.2
30/07/2020,15.0,N/A,16.5,14.8,16.2,13.6,14.3
31/07/2020,19.1,N/A,23.4,21.6,21.8,13.4,25.9
01/08/2020,25.6,N/A,24.5,22.9,18.6,18.0,16.9
02/08/2020,N/A,N/A,18.0,17.0,14.9,15.2,14.4
03/08/2020,N/A,N/A,16.0,16.1,13.7,11.2,15.3
04/08/2020,N/A,N/A,17.4,17.5,17.2,13.0,17.7
05/08/2020,N/A,N/A,18.9,20.8,16.2,10.0,20.2
06/08/2020,N/A,N/A,19.8,18.5,15.5,11.6,19.9
07/08/2020,N/A,N/A,24.1,22.2,21.2,11.3,25.5
08/08/2020,N/A,N/A,19.5,18.4,18.7,12.1,12.1
09/08/2020,N/A,N/A,15.5,15.1,12.7,11.4,13.4
10/08/2020,N/A,N/A,16.0,15.2,13.6,12.4,13.7
11/08/2020,N/A,N/A,18.2,20.1,17.8,14.5,17.6
12/08/2020,N/A,N/A,20.6,19.9,19.1,14.0,21.2
13/08/2020,N/A,N/A,21.7,20.6,17.5,12.2,23.4
14/08/2020,N/A,N/A,16.1,16.8,16.0,7.2,21.4
15/08/2020,N/A,N/A,12.2,11.4,9.4,5.3,13.2
16/08/2020,N/A,N/A,11.6,9.7,9.1,6.8,11.8
17/08/2020,N/A,N/A,10.9,10.5,10.6,6.1,15.4
18/08/2020,N/A,N/A,15.8,17.7,13.9,10.7,20.6
19/08/2020,N/A,N/A,19.6,22.7,13.9,13.2,25.5
20/08/2020,N/A,N/A,20.3,17.8,15.8,16.9,19.1
21/08/2020,N/A,N/A,18.6,17.3,17.6,15.4,22.5
22/08/2020,N/A,N/A,17.9,15.5,15.5,8.6,14.6
23/08/2020,N/A,N/A,11.2,11.5,10.5,5.9,12.1
24/08/2020,N/A,N/A,12.2,14.1,10.3,9.5,14.8
25/08/2020,N/A,N/A,18.9,19.4,16.3,11.8,15.7
26/08/2020,N/A,N/A,19.9,21.9,16.9,N/A,17.3
27/08/2020,N/A,N/A,21.7,22.5,17.7,16.6,19.0
28/08/2020,N/A,N/A,21.6,22.2,18.7,15.1,22.3
29/08/2020,N/A,N/A,28.1,27.3,22.1,14.8,22.0
30/08/2020,N/A,N/A,22.9,22.2,19.0,12.7,20.7
31/08/2020,18.3,N/A,20.7,20.0,16.5,10.8,18.2
01/09/2020,22.9,N/A,21.7,22.1,16.4,13.7,18.6
02/09/2020,20.2,N/A,22.7,23.2,21.9,15.3,18.6
03/09/2020,23.5,N/A,24.6,25.9,21.3,N/A,22.1
04/09/2020,21.9,N/A,25.4,28.2,21.3,14.3,23.1
05/09/2020,21.4,N/A,23.1,18.0,21.0,17.1,21.5
06/09/2020,22.3,N/A,21.1,20.0,20.4,18.1,18.2
07/09/2020,24.2,N/A,23.4,21.3,20.5,16.8,23.0
08/09/2020,19.1,N/A,21.3,18.8,21.7,12.4,24.3
09/09/2020,18.3,N/A,N/A,17.2,17.6,9.2,26.6
10/09/2020,16.1,N/A,N/A,14.0,14.4,8.1,16.6
11/09/2020,17.7,N/A,N/A,14.6,13.5,10.9,20.4
12/09/2020,20.3,N/A,N/A,15.8,16.1,14.3,20.5
13/09/2020,20.7,N/A,N/A,18.0,18.1,14.7,21.0
14/09/2020,19.2,N/A,N/A,17.6,14.8,13.0,17.3
15/09/2020,22.0,N/A,16.3,15.8,17.4,15.7,25.4
16/09/2020,23.2,N/A,24.0,22.4,20.6,14.7,29.0
17/09/2020,24.0,N/A,23.6,22.5,20.8,16.4,23.9
18/09/2020,24.7,N/A,24.5,24.9,23.7,14.5,27.5
19/09/2020,14.3,N/A,12.4,12.3,13.4,8.8,14.9
20/09/2020,12.5,N/A,12.7,12.7,12.1,11.5,17.0
21/09/2020,16.2,N/A,21.6,15.6,15.1,14.3,17.7
22/09/2020,21.1,N/A,N/A,23.6,20.3,16.2,21.8
23/09/2020,17.7,N/A,17.8,19.9,16.5,10.0,22.7
24/09/2020,18.1,N/A,N/A,19.7,14.4,12.1,19.6
25/09/2020,17.7,N/A,26.5,17.1,14.3,11.7,18.2
26/09/2020,14.1,N/A,21.3,12.6,13.6,9.7,13.8
27/09/2020,12.6,N/A,15.4,12.4,13.1,10.3,12.9
28/09/2020,12.9,N/A,N/A,10.2,13.1,10.3,14.3
29/09/2020,N/A,N/A,N/A,19.4,15.5,15.3,26.5
30/09/2020,N/A,N/A,N/A,13.4,12.9,9.6,12.8
01/10/2020,N/A,N/A,N/A,6.0,6.1,N/A,6.8
02/10/2020,N/A,N/A,N/A,5.2,6.1,N/A,8.0
03/10/2020,N/A,N/A,N/A,8.8,7.5,N/A,12.2
04/10/2020,N/A,N/A,N/A,10.8,9.4,N/A,12.4
05/10/2020,N/A,N/A,N/A,12.1,11.1,N/A,12.2
06/10/2020,N/A,N/A,N/A,13.3,12.5,N/A,12.5
07/10/2020,N/A,N/A,N/A,15.6,15.5,17.5,21.9
08/10/2020,N/A,N/A,N/A,16.5,16.5,18.4,31.8
09/10/2020,N/A,N/A,N/A,20.3,18.0,14.6,26.3
10/10/2020,N/A,N/A,N/A,15.0,14.6,8.7,N/A
11/10/2020,N/A,N/A,N/A,6.1,6.1,4.5,7.7
12/10/2020,N/A,N/A,N/A,8.9,8.4,6.6,9.3
13/10/2020,N/A,N/A,N/A,9.9,8.4,9.1,12.2
14/10/2020,N/A,N/A,N/A,10.1,10.1,5.5,9.5
15/10/2020,N/A,N/A,N/A,8.7,10.6,8.7,10.4
16/10/2020,N/A,N/A,N/A,9.0,11.6,6.3,10.4
17/10/2020,N/A,N/A,12.5,13.3,11.9,8.8,14.4
18/10/2020,N/A,N/A,13.6,12.3,13.8,8.3,15.0
19/10/2020,N/A,N/A,19.7,14.0,13.5,13.5,20.7
20/10/2020,N/A,N/A,26.3,13.2,12.3,9.9,12.8
21/10/2020,N/A,N/A,7.7,9.7,10.2,5.5,9.7
22/10/2020,N/A,N/A,11.7,9.6,7.7,5.5,11.1
23/10/2020,N/A,N/A,12.0,15.1,8.7,7.5,11.3
24/10/2020,N/A,N/A,18.0,19.8,16.4,N/A,N/A
25/10/2020,23.7,N/A,15.4,17.1,10.6,N/A,15.5
26/10/2020,22.9,N/A,17.5,19.8,13.0,N/A,18.5
27/10/2020,25.2,N/A,20.6,21.7,16.9,10.8,20.0
28/10/2020,N/A,N/A,14.9,19.4,12.9,8.9,7.0
29/10/2020,N/A,N/A,10.0,14.6,11.0,4.0,9.7
30/10/2020,N/A,N/A,11.5,13.5,8.4,6.4,9.3
31/10/2020,N/A,N/A,6.7,7.2,7.0,4.5,8.0
01/11/2020,N/A,N/A,10.4,13.6,9.1,8.3,11.6
02/11/2020,N/A,N/A,12.5,15.6,12.4,8.5,15.6
03/11/2020,N/A,N/A,12.5,17.2,11.5,7.9,N/A
04/11/2020,N/A,N/A,11.9,10.8,9.5,N/A,N/A
05/11/2020,N/A,N/A,N/A,6.2,4.0,3.1,N/A
06/11/2020,N/A,N/A,8.8,6.4,6.0,5.3,N/A
07/11/2020,N/A,N/A,13.0,11.8,12.5,9.8,N/A
08/11/2020,N/A,N/A,8.6,8.8,8.8,6.2,N/A
09/11/2020,N/A,N/A,10.9,11.5,10.3,N/A,8.5
10/11/2020,N/A,N/A,17.9,22.0,12.7,9.0,14.1
11/11/2020,N/A,N/A,21.7,27.4,16.8,11.8,16.9
12/11/2020,29.3,N/A,24.1,30.4,16.5,10.7,18.0
13/11/2020,26.5,N/A,21.3,N/A,16.9,11.7,20.7
14/11/2020,23.1,N/A,20.4,27.5,14.6,11.9,11.1
15/11/2020,12.7,N/A,10.2,12.6,10.9,6.7,11.0
16/11/2020,22.2,N/A,20.0,23.0,16.5,9.7,18.0
17/11/2020,24.2,N/A,21.6,29.0,14.4,12.0,17.8
18/11/2020,29.5,N/A,24.8,28.0,21.5,12.0,16.4
19/11/2020,29.7,N/A,21.8,18.4,18.7,13.0,21.0
20/11/2020,14.4,N/A,13.4,14.4,8.9,6.3,11.4
21/11/2020,13.7,N/A,6.1,6.8,5.2,N/A,10.1
22/11/2020,15.9,N/A,11.9,18.1,9.5,6.9,13.0
23/11/2020,19.4,N/A,15.4,17.0,11.9,6.9,11.8
24/11/2020,19.8,N/A,15.7,18.4,11.2,7.0,13.2
25/11/2020,22.6,N/A,15.6,18.4,14.7,N/A,19.2
26/11/2020,14.0,N/A,12.1,13.4,11.2,7.0,14.4
27/11/2020,20.5,N/A,14.9,13.2,11.7,8.7,17.4
28/11/2020,26.6,N/A,13.8,N/A,11.3,8.0,16.1
29/11/2020,21.8,N/A,18.1,N/A,12.8,N/A,16.5
30/11/2020,25.2,N/A,13.8,N/A,8.9,6.9,9.8
01/12/2020,16.3,N/A,12.6,N/A,10.3,5.8,10.2
02/12/2020,18.4,N/A,13.7,N/A,11.9,N/A,12.8
03/12/2020,24.2,N/A,20.9,21.9,16.8,9.7,13.8
04/12/2020,29.8,N/A,22.2,19.3,15.3,9.2,10.2
05/12/2020,28.8,N/A,16.2,18.4,8.8,7.7,14.9
06/12/2020,24.8,N/A,22.3,29.9,18.4,N/A,16.9
07/12/2020,24.1,N/A,23.4,36.9,14.1,N/A,9.8
08/12/2020,13.2,N/A,12.0,16.0,8.6,N/A,7.5
09/12/2020,13.6,N/A,9.6,11.8,9.9,N/A,7.5
10/12/2020,13.2,N/A,12.6,15.5,6.5,N/A,8.4
11/12/2020,18.5,N/A,13.9,14.2,7.4,4.6,16.8
12/12/2020,20.9,N/A,21.5,21.0,12.4,8.4,17.3
13/12/2020,17.0,N/A,15.9,19.1,13.0,8.9,12.7
14/12/2020,16.4,N/A,19.3,23.0,15.6,N/A,11.6
15/12/2020,7.4,N/A,N/A,7.5,4.6,N/A,6.0
16/12/2020,14.4,N/A,11.4,10.1,10.1,6.9,13.6
17/12/2020,24.5,N/A,15.0,16.7,10.4,7.5,19.9
18/12/2020,24.5,N/A,17.8,21.1,11.1,6.2,20.4
19/12/2020,23.1,N/A,21.4,24.7,10.9,7.2,17.3
20/12/2020,35.4,N/A,20.5,23.0,17.7,9.3,21.7
21/12/2020,35.3,N/A,24.0,24.9,21.0,12.8,21.8
22/12/2020,35.8,N/A,27.2,32.4,20.4,N/A,28.7
23/12/2020,24.9,N/A,23.5,24.6,14.6,N/A,24.7
24/12/2020,25.2,N/A,18.0,25.1,11.5,8.7,20.8
25/12/2020,37.6,N/A,17.2,31.8,12.5,7.7,18.8
26/12/2020,38.4,N/A,18.1,22.6,14.2,9.8,21.1
27/12/2020,36.1,N/A,15.7,14.8,12.3,9.1,21.4
28/12/2020,28.8,N/A,17.2,24.8,13.3,8.2,16.0
29/12/2020,29.2,N/A,15.1,19.4,10.8,8.0,21.0
30/12/2020,34.4,N/A,13.3,11.9,10.1,7.8,22.7
31/12/2020,48.5,N/A,25.5,28.5,12.8,10.5,22.5
01/01/2021,N/A,N/A,24.8,30.3,14.6,11.0,24.4
02/01/2021,48.3,N/A,23.0,25.6,18.6,11.5,23.5
03/01/2021,45.2,N/A,22.2,25.7,20.0,14.1,26.6
04/01/2021,N/A,N/A,25.7,29.9,21.2,13.8,31.1
05/01/2021,42.7,N/A,N/A,25.2,19.4,15.0,34.3
06/01/2021,39.8,N/A,26.3,30.7,23.7,18.1,36.8
07/01/2021,38.5,N/A,28.4,32.3,22.3,N/A,35.0
08/01/2021,42.0,N/A,30.1,31.3,24.7,N/A,26.1
09/01/2021,37.1,N/A,27.3,27.0,24.4,14.8,25.3
10/01/2021,32.0,N/A,25.7,31.9,19.3,N/A,26.7
11/01/2021,34.2,N/A,29.8,41.4,22.3,N/A,22.9
12/01/2021,31.0,N/A,29.4,35.6,24.3,14.4,22.5
13/01/2021,22.3,N/A,23.7,20.6,17.4,12.6,N/A
14/01/2021,5.6,N/A,6.9,8.8,N/A,2.2,N/A
15/01/2021,N/A,N/A,7.4,7.0,N/A,3.0,N/A
16/01/2021,12.0,N/A,N/A,N/A,N/A,2.5,N/A
17/01/2021,8.0,N/A,N/A,N/A,N/A,2.3,4.0
18/01/2021,N/A,N/A,7.5,N/A,N/A,2.3,N/A
19/01/2021,9.4,N/A,11.2,N/A,6.7,N/A,4.8
20/01/2021,N/A,N/A,11.2,10.8,6.3,5.3,9.5
21/01/2021,N/A,N/A,14.2,23.5,6.3,3.3,N/A
22/01/2021,30.3,N/A,12.4,N/A,8.8,6.1,17.0
23/01/2021,38.3,N/A,14.0,17.8,10.8,8.9,17.7
24/01/2021,25.2,N/A,13.6,20.8,10.3,7.8,17.1
25/01/2021,N/A,N/A,20.0,31.7,12.7,10.4,15.0
26/01/2021,N/A,N/A,25.9,33.5,13.4,8.1,N/A
27/01/2021,21.7,N/A,18.9,18.8,16.7,10.7,N/A
28/01/2021,N/A,N/A,8.5,14.8,6.3,3.4,6.7
29/01/2021,7.7,N/A,7.1,8.9,5.7,N/A,3.4
30/01/2021,7.7,N/A,N/A,7.4,6.9,N/A,5.8
31/01/2021,7.3,N/A,6.7,9.6,8.2,N/A,13.1
01/02/2021,15.4,N/A,14.3,14.5,10.8,N/A,13.3
02/02/2021,26.2,N/A,22.7,21.9,17.9,15.9,17.9
03/02/2021,26.2,N/A,23.0,21.4,18.1,17.2,26.1
04/02/2021,20.5,N/A,16.5,17.2,N/A,12.8,16.7
05/02/2021,26.7,N/A,N/A,27.6,16.0,12.7,19.5
06/02/2021,N/A,N/A,18.9,22.6,12.7,9.8,14.7
07/02/2021,20.9,N/A,14.5,15.1,10.9,N/A,8.5
08/02/2021,N/A,N/A,15.9,18.4,10.5,N/A,7.9
09/02/2021,N/A,N/A,28.1,22.9,15.2,N/A,19.3
10/02/2021,N/A,N/A,24.5,N/A,14.7,16.0,16.4
11/02/2021,N/A,N/A,20.2,N/A,12.8,16.0,18.2
12/02/2021,N/A,N/A,21.0,N/A,N/A,14.1,13.8
13/02/2021,N/A,N/A,10.4,10.6,N/A,4.8,7.6
14/02/2021,N/A,N/A,12.1,13.8,N/A,7.5,9.8
15/02/2021,N/A,N/A,9.4,10.4,6.9,6.1,9.3
16/02/2021,10.9,N/A,7.7,6.5,5.9,N/A,5.1
17/02/2021,12.5,N/A,5.7,8.2,5.8,3.9,3.7
18/02/2021,13.5,N/A,11.7,15.2,N/A,4.6,8.6
19/02/2021,21.4,N/A,11.3,18.1,7.9,5.9,7.8
20/02/2021,15.8,N/A,13.9,18.3,9.3,8.9,10.3
21/02/2021,N/A,N/A,12.5,14.2,10.3,8.0,15.9
22/02/2021,25.9,N/A,11.0,12.1,9.0,8.1,12.3
23/02/2021,19.1,N/A,12.1,11.6,9.6,8.6,11.3
24/02/2021,N/A,N/A,9.0,12.0,6.5,4.4,6.4
25/02/2021,18.7,N/A,11.6,N/A,6.8,7.0,9.5
26/02/2021,17.5,N/A,12.8,14.7,9.2,7.7,10.7
27/02/2021,N/A,N/A,17.1,N/A,8.8,7.4,N/A
28/02/2021,16.0,N/A,13.9,17.5,12.8,N/A,16.3
01/03/2021,17.3,N/A,17.3,16.6,15.8,15.0,22.2
02/03/2021,16.3,N/A,13.9,15.8,10.8,10.9,18.4
03/03/2021,18.5,16.3,15.3,13.6,9.0,8.2,11.2
04/03/2021,13.5,17.9,18.2,16.3,10.0,5.6,N/A
05/03/2021,11.5,11.8,11.3,10.7,9.1,5.0,N/A
06/03/2021,14.9,15.0,9.7,12.6,7.8,7.0,7.9
07/03/2021,9.1,12.7,9.1,9.3,8.5,6.0,5.4
08/03/2021,13.9,14.5,15.1,14.5,12.3,9.3,N/A
09/03/2021,12.7,12.7,12.0,12.2,N/A,8.4,N/A
10/03/2021,N/A,N/A,16.8,14.3,11.6,12.5,19.2
11/03/2021,19.5,21.9,20.4,N/A,16.4,14.5,N/A
12/03/2021,8.9,10.5,7.3,8.4,N/A,4.6,10.7
13/03/2021,10.5,12.5,8.7,12.6,8.3,4.9,N/A
14/03/2021,11.5,12.4,12.6,16.0,9.6,7.4,N/A
15/03/2021,17.6,13.7,14.4,14.4,12.7,9.0,12.1
16/03/2021,12.3,10.3,8.5,8.7,7.7,6.0,7.3
17/03/2021,9.1,8.2,5.6,6.3,6.0,4.1,7.8
18/03/2021,8.5,8.1,6.4,6.8,4.6,4.7,6.4
19/03/2021,10.8,9.2,7.3,7.1,5.2,2.7,5.7
20/03/2021,N/A,10.4,6.2,7.0,N/A,4.3,8.1
21/03/2021,N/A,14.2,12.7,12.6,9.2,7.6,11.6
22/03/2021,N/A,23.2,33.6,17.8,15.7,21.8,23.3
23/03/2021,N/A,31.4,28.4,29.7,22.8,23.7,22.7
24/03/2021,N/A,8.2,5.5,7.7,5.7,N/A,N/A
25/03/2021,N/A,8.2,6.8,5.8,6.9,4.4,N/A
26/03/2021,N/A,9.2,7.0,7.8,6.4,4.4,N/A
27/03/2021,N/A,9.2,10.4,10.5,7.1,5.0,N/A
28/03/2021,N/A,6.8,9.7,12.1,7.8,4.7,N/A
29/03/2021,N/A,9.9,9.5,11.3,6.7,6.4,N/A
30/03/2021,N/A,13.0,11.4,N/A,7.9,6.8,N/A
31/03/2021,N/A,19.5,14.2,16.3,12.1,11.4,16.7
01/04/2021,8.7,8.4,8.6,8.6,5.7,N/A,6.5
02/04/2021,8.5,7.6,5.1,5.5,3.4,N/A,6.6
03/04/2021,15.2,15.6,14.6,15.1,11.0,10.8,13.4
04/04/2021,12.4,13.7,13.9,13.5,11.5,9.2,14.5
05/04/2021,15.4,16.2,15.4,13.4,10.0,8.5,15.0
06/04/2021,17.1,25.7,17.6,16.6,14.8,12.1,15.2
07/04/2021,24.4,23.4,22.5,23.3,18.0,17.4,19.1
08/04/2021,11.6,19.1,12.9,15.8,12.9,9.1,11.5
09/04/2021,11.0,12.5,10.5,10.8,9.5,7.7,9.5
10/04/2021,7.5,7.8,5.2,6.5,5.8,3.2,7.4
11/04/2021,9.3,8.7,6.4,7.8,6.7,5.1,10.0
12/04/2021,11.1,11.6,9.4,10.3,6.7,N/A,8.2
13/04/2021,9.5,9.3,6.7,8.9,6.2,5.3,7.3
14/04/2021,11.7,9.9,9.9,10.4,7.2,7.6,8.4
15/04/2021,14.7,12.6,11.0,11.8,9.0,N/A,15.5
16/04/2021,16.3,17.4,18.2,15.6,12.8,N/A,14.3
17/04/2021,12.5,18.7,17.0,15.4,13.0,10.0,16.2
18/04/2021,16.2,23.2,18.7,19.5,N/A,15.3,17.9
19/04/2021,26.0,31.4,26.3,26.2,N/A,23.6,27.1
20/04/2021,18.3,25.5,19.9,21.3,20.9,17.9,14.0
21/04/2021,6.1,9.9,6.9,N/A,7.3,5.2,6.1
22/04/2021,6.9,11.2,7.3,8.5,7.1,7.1,6.7
23/04/2021,9.8,14.2,12.5,12.2,9.5,8.7,10.5
24/04/2021,9.7,14.6,12.1,13.5,11.6,7.6,9.8
25/04/2021,11.1,14.4,11.7,11.1,10.6,9.0,12.5
26/04/2021,14.6,18.8,17.8,20.4,18.0,11.9,18.5
27/04/2021,16.3,21.4,17.1,N/A,15.0,11.5,17.3
28/04/2021,16.0,20.6,17.7,17.7,13.1,10.8,14.7
29/04/2021,13.0,18.1,13.2,15.2,12.9,7.2,12.6
30/04/2021,10.2,16.5,15.0,13.4,11.3,7.2,6.0
01/05/2021,12.5,14.6,11.5,12.4,9.6,11.0,12.7
02/05/2021,14.2,21.0,13.9,15.2,12.5,11.8,17.6
03/05/2021,17.2,20.5,14.8,15.4,14.7,15.6,18.9
04/05/2021,20.3,22.1,17.4,16.9,16.7,15.7,18.8
05/05/2021,20.0,21.0,18.3,19.5,16.2,15.9,19.1
06/05/2021,15.6,17.9,16.4,15.4,15.2,11.1,14.4
07/05/2021,13.5,17.0,13.9,13.6,12.3,7.2,14.4
08/05/2021,15.7,16.7,14.7,14.3,12.0,8.5,11.1
09/05/2021,17.6,16.3,12.8,12.1,11.7,10.9,14.0
10/05/2021,12.2,13.2,9.8,6.1,7.2,6.2,13.2
11/05/2021,14.1,12.5,10.2,9.8,9.1,5.6,9.2
12/05/2021,N/A,15.4,13.4,11.9,10.5,7.5,12.1
13/05/2021,N/A,17.3,15.5,16.3,13.4,9.4,14.2
14/05/2021,N/A,16.0,13.7,13.5,13.0,6.8,9.4
15/05/2021,N/A,13.5,9.9,10.3,10.0,7.0,8.4
16/05/2021,N/A,8.9,8.7,10.2,7.8,3.5,4.6
17/05/2021,N/A,10.6,7.2,7.3,N/A,4.8,7.5
18/05/2021,N/A,11.5,10.0,10.9,8.3,7.6,9.6
19/05/2021,8.7,11.8,7.2,8.1,8.8,7.2,9.9
20/05/2021,9.0,13.4,11.6,10.7,9.3,7.5,10.6
21/05/2021,8.9,13.3,10.4,10.3,10.6,9.2,9.3
22/05/2021,10.0,12.2,10.2,11.2,9.2,6.5,11.2
23/05/2021,7.5,8.9,9.7,7.7,7.5,6.5,10.6
24/05/2021,7.1,9.5,8.3,6.9,6.6,4.5,12.8
25/05/2021,9.0,13.7,10.3,9.6,10.1,8.2,11.8
26/05/2021,9.5,14.4,13.4,13.3,12.0,6.4,11.7
27/05/2021,16.2,17.6,18.8,18.3,14.9,13.3,15.5
28/05/2021,17.8,15.1,15.5,15.5,14.4,14.9,13.8
29/05/2021,14.2,16.4,14.5,14.5,14.6,13.9,13.6
30/05/2021,18.3,20.9,18.4,19.5,18.3,13.1,11.9
31/05/2021,16.4,15.4,13.5,12.0,15.0,14.5,12.9
01/06/2021,10.2,10.7,11.1,13.5,11.9,7.0,10.4
02/06/2021,8.9,12.9,9.3,10.8,10.9,8.0,10.9
03/06/2021,10.2,13.0,10.4,10.6,9.6,8.2,8.5
04/06/2021,10.8,N/A,12.8,12.8,10.9,8.6,10.7
05/06/2021,10.0,12.4,10.1,9.9,9.7,8.7,8.1
06/06/2021,9.3,13.3,8.6,10.0,10.9,7.5,7.6
07/06/2021,10.8,13.5,9.4,9.9,11.5,8.2,8.7
08/06/2021,14.2,17.4,13.5,14.6,12.0,11.8,N/A
09/06/2021,13.4,14.1,14.4,14.7,13.4,9.5,14.9
10/06/2021,12.6,14.7,13.7,15.4,12.8,11.6,12.3
11/06/2021,13.6,15.0,16.3,16.4,15.2,14.5,12.0
12/06/2021,11.6,13.5,11.5,14.3,14.8,10.0,11.9
13/06/2021,17.3,17.8,16.4,N/A,15.5,17.3,18.4
14/06/2021,14.9,15.6,15.3,17.0,16.0,11.6,16.0
15/06/2021,9.7,11.6,9.8,10.6,9.9,N/A,N/A
16/06/2021,8.4,9.8,10.2,11.1,9.0,14.4,N/A
17/06/2021,9.3,15.5,10.5,12.6,12.6,11.0,10.4
18/06/2021,11.5,16.5,12.4,13.9,13.2,9.2,7.2
19/06/2021,11.9,14.2,14.4,13.7,11.0,9.9,11.4
20/06/2021,13.9,14.1,15.0,13.2,12.9,10.6,8.2
21/06/2021,10.5,11.8,12.5,11.4,11.3,10.2,10.5
22/06/2021,12.3,15.7,15.1,13.7,14.5,12.3,12.6
23/06/2021,15.5,19.6,15.6,18.8,16.9,14.1,11.9
24/06/2021,13.8,17.4,16.1,16.4,14.1,12.3,13.1
25/06/2021,18.4,20.3,19.0,17.5,19.9,15.4,15.0
26/06/2021,10.4,20.3,17.9,19.6,18.1,9.9,11.6
27/06/2021,12.5,18.6,N/A,15.5,14.9,13.4,16.6
28/06/2021,13.6,21.3,N/A,17.5,16.3,10.8,19.0
29/06/2021,12.0,21.5,N/A,15.3,16.1,12.2,20.8
30/06/2021,13.9,17.0,N/A,17.1,14.1,10.4,15.7
01/07/2021,10.7,17.9,N/A,17.0,14.9,8.3,12.7
02/07/2021,14.7,19.8,16.3,16.5,14.0,13.5,11.4
03/07/2021,18.3,20.9,18.6,20.0,17.9,16.9,13.5
04/07/2021,17.3,18.9,19.6,20.2,26.5,43.5,11.2
05/07/2021,11.8,18.2,12.9,15.4,14.7,9.5,N/A
06/07/2021,12.1,16.9,14.0,16.0,14.8,10.8,9.5
07/07/2021,14.1,20.5,15.4,N/A,17.2,12.0,19.0
08/07/2021,13.0,19.7,15.9,17.8,16.2,11.1,21.0
09/07/2021,10.6,18.9,13.3,15.5,15.0,N/A,N/A
10/07/2021,10.0,19.1,14.6,15.3,18.9,N/A,N/A
11/07/2021,10.9,18.0,14.7,16.6,17.1,N/A,16.7
12/07/2021,13.6,20.9,15.8,17.7,15.2,N/A,17.9
13/07/2021,14.3,20.2,14.4,16.5,15.8,N/A,25.4
14/07/2021,18.5,29.0,22.7,23.6,23.4,N/A,24.7
15/07/2021,12.8,23.5,16.6,20.3,22.6,N/A,N/A
16/07/2021,12.6,19.2,13.7,16.2,18.5,N/A,21.0
17/07/2021,16.6,21.7,18.9,21.6,18.4,N/A,20.3
18/07/2021,17.5,22.7,20.7,18.6,19.5,N/A,21.6
19/07/2021,14.0,19.5,14.5,17.2,15.5,7.8,22.5
20/07/2021,8.5,12.0,7.7,10.8,10.7,7.2,14.4
21/07/2021,10.3,11.6,7.8,10.2,9.7,N/A,N/A
22/07/2021,14.1,15.9,11.7,13.8,13.1,11.6,12.7
23/07/2021,19.3,23.2,17.9,19.7,19.9,17.2,21.3
24/07/2021,20.9,25.7,22.3,22.0,22.5,12.2,19.9
25/07/2021,14.0,18.7,13.8,16.7,16.1,11.5,15.6
26/07/2021,14.0,18.5,12.1,15.8,13.4,9.2,13.7
27/07/2021,12.2,14.6,N/A,12.2,10.9,8.2,11.1
28/07/2021,11.6,11.4,N/A,10.8,10.7,6.9,10.7
29/07/2021,19.3,15.8,N/A,15.3,15.7,8.9,13.3
30/07/2021,16.6,20.6,17.9,16.3,16.5,21.1,16.6
31/07/2021,15.7,19.0,17.6,17.1,17.6,19.1,18.9
01/08/2021,13.7,16.1,15.1,15.4,14.8,11.3,16.2
02/08/2021,13.6,18.8,15.1,13.9,16.4,12.1,14.4
03/08/2021,12.2,17.6,12.8,13.2,15.4,9.9,16.4
04/08/2021,13.8,17.8,18.9,19.2,16.7,12.8,16.2
05/08/2021,20.0,19.2,18.1,19.3,16.4,17.8,19.9
06/08/2021,28.0,26.4,27.3,26.9,22.2,23.8,21.1
07/08/2021,30.5,26.9,28.3,27.2,25.4,29.6,24.5
08/08/2021,17.4,23.5,19.1,22.6,22.8,19.2,23.4
09/08/2021,12.8,16.5,12.0,14.5,14.5,N/A,10.8
10/08/2021,10.3,14.3,9.0,12.3,11.7,7.9,9.5
11/08/2021,10.3,11.5,8.4,10.9,8.9,9.9,11.0
12/08/2021,11.4,11.7,10.5,11.6,10.2,6.2,12.0
13/08/2021,11.4,12.1,9.1,10.8,12.4,6.9,10.3
14/08/2021,10.6,11.5,8.2,10.7,9.9,5.2,6.8
15/08/2021,9.0,11.1,6.9,9.9,10.1,5.4,7.9
16/08/2021,9.5,12.3,5.7,9.4,9.5,5.6,8.8
17/08/2021,14.0,14.1,9.5,13.0,11.7,11.2,12.8
18/08/2021,N/A,15.2,17.5,18.7,15.1,8.5,9.2
19/08/2021,N/A,14.3,12.0,14.2,12.4,10.0,11.5
20/08/2021,23.0,21.4,20.9,21.1,20.6,12.1,19.5
21/08/2021,19.4,20.1,18.5,20.7,20.3,11.7,14.9
22/08/2021,16.3,16.3,14.3,16.5,15.8,11.4,12.6
23/08/2021,17.5,17.3,14.6,14.7,15.8,10.6,14.2
24/08/2021,17.9,17.3,16.1,18.8,16.6,9.9,16.9
25/08/2021,17.9,18.1,18.0,20.5,16.1,8.6,17.0
26/08/2021,23.4,21.2,19.3,22.2,19.3,13.5,18.1
27/08/2021,14.4,15.6,12.6,16.8,14.7,8.2,8.0
28/08/2021,14.2,14.6,12.6,14.4,13.2,8.0,12.7
29/08/2021,18.9,17.7,14.8,17.0,16.2,12.7,15.5
30/08/2021,16.1,13.7,11.3,14.1,12.3,9.2,9.0
31/08/2021,16.0,13.0,11.9,12.8,9.7,9.1,9.3
01/09/2021,17.3,15.9,13.3,13.9,12.4,10.9,11.8
02/09/2021,23.9,18.7,18.4,20.6,15.3,16.3,17.7
03/09/2021,18.8,20.0,14.4,14.4,17.1,N/A,16.2
04/09/2021,13.9,11.8,9.5,8.8,9.9,N/A,7.3
05/09/2021,14.6,12.4,10.9,11.5,10.3,N/A,7.6
06/09/2021,16.3,12.6,13.0,14.6,9.5,N/A,10.6
07/09/2021,18.5,16.5,13.5,15.0,14.5,N/A,10.4
08/09/2021,17.3,17.0,14.0,15.6,13.1,N/A,10.9
09/09/2021,15.3,14.2,10.7,13.3,12.6,N/A,11.1
10/09/2021,15.3,14.9,11.9,14.7,15.4,N/A,10.9
11/09/2021,16.0,18.2,12.8,16.5,16.3,N/A,14.9
12/09/2021,16.3,14.1,15.0,16.2,13.0,N/A,17.0
13/09/2021,14.1,10.6,12.1,11.5,8.8,N/A,N/A
14/09/2021,12.2,12.3,9.0,11.3,10.3,7.8,9.5
15/09/2021,15.5,12.9,13.0,13.1,11.5,9.6,14.6
16/09/2021,15.9,16.3,17.4,17.5,14.5,8.4,10.9
17/09/2021,12.4,10.0,10.5,8.7,7.3,5.1,8.4
18/09/2021,11.1,10.4,7.8,8.0,7.7,6.2,9.0
19/09/2021,14.5,11.7,11.5,9.8,10.2,12.9,12.0
20/09/2021,19.9,18.8,18.5,19.2,15.7,15.1,17.9
21/09/2021,19.5,19.1,16.3,18.0,14.4,18.1,17.8
22/09/2021,16.9,17.9,16.6,N/A,15.3,12.0,17.7
23/09/2021,13.7,11.9,13.3,14.8,14.8,8.5,13.7
24/09/2021,10.4,9.5,6.8,N/A,6.8,4.9,7.3
25/09/2021,10.8,7.2,4.7,N/A,5.7,2.6,4.7
26/09/2021,11.1,8.7,8.8,10.4,8.0,6.3,6.0
27/09/2021,11.7,10.9,8.3,10.4,9.9,7.1,10.2
28/09/2021,19.0,12.9,16.7,21.7,12.2,10.9,15.1
29/09/2021,20.6,21.7,21.9,24.0,19.9,12.7,19.1
30/09/2021,22.1,22.4,23.1,25.1,23.6,17.2,20.4
01/10/2021,20.6,20.7,20.6,22.8,20.8,16.0,19.5
02/10/2021,14.9,16.3,13.8,18.4,16.1,7.3,14.9
03/10/2021,12.2,14.3,10.0,12.9,13.1,8.9,10.8
04/10/2021,14.3,13.0,9.7,11.4,11.2,9.0,14.5
05/10/2021,12.5,12.9,8.9,11.9,9.5,N/A,11.2
06/10/2021,11.5,9.6,8.4,8.9,N/A,7.1,9.6
07/10/2021,N/A,N/A,8.8,9.8,N/A,6.9,8.8
08/10/2021,N/A,N/A,9.9,11.9,9.7,7.1,7.9
09/10/2021,N/A,14.6,9.8,11.9,11.0,9.3,8.9
10/10/2021,N/A,11.7,8.5,11.5,10.0,8.5,8.4
11/10/2021,N/A,14.4,11.4,14.2,10.6,9.4,11.4
12/10/2021,15.0,15.1,N/A,14.2,11.6,10.4,9.7
13/10/2021,10.0,12.6,N/A,11.5,9.0,6.9,6.6
14/10/2021,9.6,9.7,5.9,8.3,N/A,4.3,5.6
15/10/2021,7.0,8.5,7.0,8.7,N/A,3.7,6.3
16/10/2021,15.4,13.8,8.9,9.6,8.0,17.5,12.2
17/10/2021,12.5,N/A,12.9,13.9,11.7,11.1,7.3
18/10/2021,9.7,N/A,7.6,8.8,6.4,3.9,8.2
19/10/2021,9.3,N/A,6.0,10.3,8.4,N/A,11.1
20/10/2021,11.3,N/A,8.3,12.0,8.7,8.5,13.8
21/10/2021,11.6,N/A,7.3,11.7,7.5,N/A,13.1
22/10/2021,10.8,9.2,8.0,11.2,7.8,N/A,11.0
23/10/2021,11.0,9.4,8.8,10.7,7.3,6.2,8.7
24/10/2021,11.2,8.1,9.1,10.6,8.7,7.1,7.1
25/10/2021,17.4,10.5,10.0,13.3,9.6,10.3,10.8
26/10/2021,16.9,13.5,11.7,15.0,N/A,10.5,15.2
27/10/2021,18.8,16.6,14.1,18.0,N/A,10.4,13.5
28/10/2021,N/A,18.8,15.2,17.5,N/A,16.5,20.0
29/10/2021,24.7,N/A,19.0,21.0,16.0,13.4,17.9
30/10/2021,25.3,N/A,19.9,22.9,19.4,18.1,17.9
31/10/2021,26.6,N/A,25.1,26.8,23.2,17.3,21.5
01/11/2021,23.2,N/A,18.9,22.1,20.6,19.3,18.4
02/11/2021,13.3,N/A,10.0,10.5,N/A,7.0,10.2
03/11/2021,15.0,N/A,10.2,12.8,N/A,6.4,8.3
04/11/2021,15.9,9.4,11.6,14.4,N/A,5.8,12.4
05/11/2021,20.9,10.8,15.5,21.1,N/A,9.0,12.2
06/11/2021,24.9,16.9,17.2,21.9,N/A,9.8,14.8
07/11/2021,17.7,14.2,11.2,13.4,N/A,8.7,13.1
08/11/2021,22.3,14.0,14.0,13.9,N/A,9.8,14.8
09/11/2021,21.4,17.0,16.2,18.4,N/A,10.6,17.2
10/11/2021,17.8,14.6,10.5,13.8,N/A,9.0,12.2
11/11/2021,12.1,9.3,5.3,5.9,N/A,5.5,5.6
12/11/2021,24.7,16.2,10.9,10.0,N/A,13.4,8.6
13/11/2021,35.0,24.7,20.9,23.5,N/A,N/A,20.2
14/11/2021,30.8,25.6,23.0,24.7,N/A,21.6,22.8
15/11/2021,36.5,30.1,30.4,31.0,N/A,20.4,26.8
16/11/2021,29.2,N/A,25.1,33.7,N/A,21.0,32.8
17/11/2021,34.5,N/A,28.0,34.0,N/A,22.0,25.9
18/11/2021,35.2,N/A,32.9,36.3,N/A,26.9,23.5
19/11/2021,25.9,N/A,21.1,28.9,N/A,N/A,19.3
20/11/2021,24.3,N/A,18.5,N/A,15.0,N/A,15.0
21/11/2021,15.3,N/A,8.3,N/A,N/A,10.9,9.6
22/11/2021,17.0,N/A,14.0,N/A,N/A,8.4,9.5
23/11/2021,24.2,19.7,19.1,20.9,15.6,10.2,8.7
24/11/2021,16.2,14.1,10.8,N/A,11.2,8.0,10.2
25/11/2021,17.1,11.4,11.4,N/A,6.2,4.9,10.5
26/11/2021,16.2,11.3,9.8,N/A,6.7,6.4,12.7
27/11/2021,16.8,N/A,12.5,17.7,6.3,5.6,5.8
28/11/2021,27.6,N/A,20.7,N/A,11.6,16.1,17.0
29/11/2021,31.7,N/A,25.3,N/A,21.7,29.7,33.2
30/11/2021,27.4,N/A,25.7,32.1,21.9,17.3,21.1
01/12/2021,7.3,N/A,4.6,5.9,5.8,4.6,7.2
02/12/2021,13.4,N/A,7.8,13.4,6.7,3.6,10.2
03/12/2021,13.3,N/A,6.5,N/A,7.0,5.0,11.5
04/12/2021,24.3,16.7,15.2,16.7,12.8,11.5,14.5
05/12/2021,26.6,19.1,18.2,19.3,12.8,12.0,13.1
06/12/2021,16.9,13.4,14.9,21.9,6.8,6.8,7.4
07/12/2021,15.1,16.7,14.6,18.6,13.7,15.6,13.1
08/12/2021,9.5,13.4,9.6,N/A,N/A,N/A,N/A
09/12/2021,13.6,10.9,10.9,N/A,5.1,3.9,12.7
10/12/2021,15.4,12.4,11.3,11.8,6.8,6.5,14.9
11/12/2021,23.4,23.4,18.6,16.5,13.4,13.9,20.1
12/12/2021,23.4,29.8,19.3,19.2,14.9,17.4,21.6
13/12/2021,26.6,34.4,25.5,23.7,20.7,21.6,24.9
14/12/2021,28.8,25.2,24.5,26.5,19.7,16.3,6.7
15/12/2021,16.8,14.2,8.2,N/A,N/A,1.0,10.0
16/12/2021,25.2,11.9,N/A,N/A,N/A,3.5,7.3
17/12/2021,21.8,10.0,12.3,20.4,N/A,4.7,3.9
18/12/2021,19.5,17.4,14.3,N/A,N/A,4.4,7.1
19/12/2021,17.6,7.5,6.0,N/A,N/A,2.7,5.2
20/12/2021,11.6,6.9,8.3,N/A,N/A,3.0,6.4
21/12/2021,12.8,10.9,7.4,8.7,N/A,2.7,5.1
22/12/2021,21.3,16.7,12.7,N/A,N/A,4.3,12.3
23/12/2021,23.7,16.8,11.5,15.0,N/A,6.4,9.8
24/12/2021,33.9,20.9,21.1,25.5,N/A,6.2,9.8
25/12/2021,35.7,21.7,24.6,31.0,N/A,3.7,13.7
26/12/2021,35.6,16.0,16.6,15.2,N/A,5.5,14.3
27/12/2021,34.7,22.7,21.8,28.2,N/A,3.9,15.1
28/12/2021,37.0,23.3,23.8,29.7,15.8,14.2,25.3
29/12/2021,39.7,23.6,27.3,32.7,18.1,16.3,19.4
30/12/2021,21.4,N/A,11.3,N/A,N/A,N/A,7.9
31/12/2021,N/A,16.1,20.0,23.7,N/A,N/A,9.2
01/01/2022,53.4,33.4,29.6,27.4,24.0,25.3,19.7
02/01/2022,35.9,36.9,24.6,29.8,22.5,20.4,20.6
03/01/2022,13.9,11.9,8.5,10.6,N/A,3.3,8.9
04/01/2022,21.8,11.5,13.9,16.7,N/A,3.6,6.6
05/01/2022,17.0,13.7,12.4,15.7,N/A,3.3,9.4
06/01/2022,23.5,13.0,12.0,N/A,N/A,3.7,10.3
07/01/2022,28.4,N/A,23.0,29.4,19.3,9.3,12.9
08/01/2022,39.1,N/A,34.9,N/A,22.0,15.3,17.0
09/01/2022,32.7,21.6,18.9,N/A,16.8,13.4,16.3
10/01/2022,15.3,26.2,23.9,36.2,28.2,N/A,20.4
11/01/2022,21.5,27.6,17.5,25.9,24.5,17.4,27.3
12/01/2022,23.9,N/A,13.9,21.5,14.9,16.1,20.3
13/01/2022,16.0,8.9,6.1,N/A,4.7,3.4,7.5
14/01/2022,15.3,21.0,9.6,N/A,N/A,3.7,16.1
15/01/2022,15.0,11.5,7.7,12.0,N/A,4.5,12.2
16/01/2022,10.4,7.6,3.3,7.1,N/A,4.5,12.6
17/01/2022,14.0,8.5,8.7,9.7,5.4,3.3,12.3
18/01/2022,17.5,N/A,6.0,N/A,4.6,2.9,8.4
19/01/2022,6.0,N/A,5.0,N/A,3.9,2.4,15.5
20/01/2022,14.0,N/A,14.6,23.1,N/A,2.7,9.2
21/01/2022,26.9,19.4,23.5,28.8,N/A,4.8,10.8
22/01/2022,32.0,13.8,17.7,15.8,N/A,1.9,6.0
23/01/2022,7.9,6.9,5.5,6.0,N/A,N/A,7.4
24/01/2022,17.0,14.0,15.4,21.2,N/A,N/A,12.5
25/01/2022,11.5,10.7,9.3,13.9,N/A,2.2,9.6
26/01/2022,14.3,9.7,10.7,11.0,N/A,3.5,7.6
27/01/2022,15.0,11.7,12.8,17.9,8.8,5.4,11.4
28/01/2022,25.3,16.5,16.3,23.6,7.9,5.1,12.2
29/01/2022,14.2,20.5,16.3,31.9,8.6,7.5,13.4
30/01/2022,15.7,16.7,16.2,23.3,7.3,4.5,7.4
31/01/2022,18.5,15.1,12.3,12.4,7.0,4.2,14.5
01/02/2022,27.3,14.3,13.0,15.1,N/A,3.1,11.5
02/02/2022,20.2,14.0,22.8,17.6,N/A,5.7,12.0
03/02/2022,26.3,16.2,21.0,18.8,N/A,N/A,13.3
04/02/2022,17.4,10.7,8.1,8.4,N/A,N/A,8.9
05/02/2022,24.9,12.3,12.4,12.9,N/A,4.6,N/A
06/02/2022,27.6,21.3,16.5,15.9,N/A,4.7,N/A
07/02/2022,24.1,17.8,15.4,17.9,N/A,7.1,N/A
08/02/2022,20.6,19.6,12.4,13.0,N/A,6.8,6.9
09/02/2022,12.4,N/A,5.8,8.9,N/A,3.3,3.3
10/02/2022,12.3,N/A,5.3,8.0,N/A,2.7,6.6
11/02/2022,20.0,14.5,12.3,15.6,N/A,5.0,13.4
12/02/2022,22.4,16.3,14.3,16.3,N/A,4.8,10.6
13/02/2022,20.4,14.4,12.8,18.5,N/A,6.2,6.0
14/02/2022,21.9,14.6,15.2,15.8,N/A,N/A,10.3
15/02/2022,40.0,23.9,27.8,28.7,18.7,20.4,24.8
16/02/2022,36.0,27.2,28.6,32.2,N/A,19.0,25.5
17/02/2022,41.4,26.1,28.4,35.4,19.4,15.3,22.4
18/02/2022,34.6,29.5,27.6,36.2,19.2,16.2,19.2
19/02/2022,32.5,29.1,25.6,33.5,21.0,18.7,16.8
20/02/2022,12.9,15.3,13.4,13.0,12.7,7.9,6.7
21/02/2022,13.8,10.1,12.8,9.0,8.8,8.4,7.7
22/02/2022,17.2,14.0,12.2,13.1,10.3,7.1,10.4
23/02/2022,18.7,18.6,25.4,19.6,15.6,12.0,10.4
24/02/2022,21.3,14.9,17.5,18.6,11.0,N/A,9.8
25/02/2022,14.7,6.3,6.9,6.6,2.6,N/A,4.6
26/02/2022,10.3,9.8,7.1,7.9,7.5,5.9,8.7
27/02/2022,13.5,13.1,13.4,12.7,7.9,7.8,10.3
28/02/2022,13.8,10.7,9.4,9.9,4.8,6.5,6.4
01/03/2022,13.8,10.5,9.7,12.5,7.2,7.3,4.6
02/03/2022,14.3,13.4,11.0,8.4,11.0,7.9,7.6
03/03/2022,9.4,10.3,9.1,9.8,16.8,6.3,7.3
04/03/2022,12.9,12.6,11.4,10.7,23.9,8.4,7.6
05/03/2022,15.6,12.7,14.7,16.3,N/A,4.9,10.2
06/03/2022,17.9,15.4,11.2,12.7,N/A,7.3,10.0
07/03/2022,19.4,14.5,12.0,14.3,N/A,10.4,10.3
08/03/2022,17.8,8.7,9.3,11.3,N/A,6.5,6.9
09/03/2022,11.5,7.1,8.3,8.1,7.2,5.6,4.5
10/03/2022,9.2,5.4,3.1,5.3,4.1,2.9,N/A
11/03/2022,10.5,7.4,6.1,6.0,5.8,4.1,8.0
12/03/2022,11.3,6.7,8.1,10.3,5.2,4.3,6.3
13/03/2022,14.6,9.2,6.0,8.1,6.9,4.3,7.9
14/03/2022,14.4,10.4,7.5,9.9,9.0,4.9,N/A
15/03/2022,10.6,10.1,6.6,8.2,5.4,5.1,8.5
16/03/2022,17.0,11.7,8.8,12.9,7.8,6.2,12.7
17/03/2022,20.2,10.5,18.7,15.8,8.7,7.1,9.2
18/03/2022,17.0,14.0,13.9,13.0,9.0,9.6,11.5
19/03/2022,11.9,8.5,7.7,8.8,7.6,8.1,6.1
20/03/2022,11.0,7.7,8.0,10.0,5.4,5.5,6.0
21/03/2022,16.8,12.6,11.0,13.1,7.1,5.8,N/A
22/03/2022,19.6,N/A,15.9,14.8,7.7,9.5,11.3
23/03/2022,27.2,N/A,16.0,16.9,4.3,3.8,13.3
24/03/2022,23.5,10.8,15.8,15.4,7.8,8.1,14.1
25/03/2022,13.7,16.2,12.9,13.9,9.9,8.7,15.4
26/03/2022,21.2,16.8,16.7,16.0,12.2,19.4,13.5
27/03/2022,17.0,14.7,14.4,10.5,11.3,12.3,6.4
28/03/2022,19.9,14.6,14.5,14.8,8.9,10.0,11.0
29/03/2022,26.2,18.9,19.5,18.3,10.2,N/A,13.3
30/03/2022,25.0,18.0,19.7,19.8,11.1,12.0,14.6
31/03/2022,26.6,22.0,21.9,20.4,15.0,16.1,17.9
01/04/2022,32.3,26.6,27.3,24.7,18.0,21.1,20.2
02/04/2022,36.0,26.4,29.3,27.9,20.7,22.9,22.3
03/04/2022,57.0,36.5,32.8,35.9,25.0,53.8,48.7
04/04/2022,63.2,48.9,50.6,52.7,35.2,47.7,47.3
05/04/2022,52.3,45.8,42.5,42.9,32.7,31.0,38.0
06/04/2022,47.3,N/A,37.1,44.4,30.7,35.6,38.4
07/04/2022,42.1,37.8,27.5,36.0,24.2,36.6,29.9
08/04/2022,29.0,31.3,24.9,27.9,23.4,26.1,21.0
09/04/2022,18.4,12.6,12.0,13.3,9.6,9.3,N/A
10/04/2022,14.9,14.9,11.5,14.8,10.6,8.0,N/A
11/04/2022,15.3,11.9,8.0,10.7,9.1,6.7,N/A
12/04/2022,11.4,8.8,5.8,7.5,7.5,6.1,9.1
13/04/2022,14.2,N/A,7.0,8.3,5.3,4.9,9.3
14/04/2022,14.5,8.7,9.4,10.0,6.2,6.8,9.0
15/04/2022,11.6,11.7,8.4,11.5,9.4,6.9,9.1
16/04/2022,14.0,11.7,10.0,10.1,6.9,6.5,11.8
17/04/2022,15.8,12.8,15.4,15.3,9.5,7.9,13.6
18/04/2022,27.5,22.2,20.5,20.4,19.3,30.2,23.6
19/04/2022,17.4,15.1,14.9,16.3,11.8,13.2,15.9
20/04/2022,11.8,6.5,5.8,8.0,5.3,5.0,7.5
21/04/2022,11.7,8.8,7.6,10.8,6.2,4.9,10.8
22/04/2022,15.9,N/A,11.7,N/A,8.9,7.5,12.8
23/04/2022,16.4,N/A,17.4,N/A,12.0,10.6,14.6
24/04/2022,18.9,19.9,15.6,N/A,16.0,12.2,15.1
25/04/2022,20.8,16.8,14.9,N/A,14.8,12.5,14.1
26/04/2022,21.4,15.0,14.7,N/A,11.8,16.2,15.2
27/04/2022,24.1,17.2,19.6,N/A,12.9,16.1,17.7
28/04/2022,19.7,17.2,19.0,20.7,10.9,14.4,18.9
29/04/2022,19.7,N/A,16.2,15.0,12.0,15.0,20.2
30/04/2022,28.6,N/A,24.0,23.3,23.7,26.3,21.3
01/05/2022,18.7,21.0,18.7,23.0,N/A,18.7,21.0
02/05/2022,22.9,23.6,22.6,22.4,N/A,20.1,21.2
03/05/2022,20.3,25.3,22.3,20.2,N/A,29.3,20.8
04/05/2022,22.0,22.0,19.9,22.7,N/A,25.5,16.2
05/05/2022,16.5,12.6,N/A,15.6,N/A,15.9,10.3
06/05/2022,8.0,8.1,N/A,5.9,5.2,7.1,6.9
07/05/2022,5.5,N/A,5.9,6.3,5.0,6.4,7.2
08/05/2022,5.4,4.5,4.9,6.2,4.7,4.2,4.9
09/05/2022,7.6,7.2,6.4,7.7,4.9,6.7,N/A
10/05/2022,6.7,10.1,6.8,7.1,7.8,5.0,7.8
11/05/2022,12.8,9.4,12.3,14.1,8.6,9.0,11.7
12/05/2022,12.6,13.3,13.5,13.7,10.7,N/A,10.3
13/05/2022,15.0,17.0,14.0,15.9,N/A,N/A,14.7
14/05/2022,15.9,20.5,18.7,16.8,10.0,N/A,14.1
15/05/2022,15.8,16.1,15.4,19.3,N/A,N/A,10.5
16/05/2022,14.4,18.0,16.5,17.0,15.1,N/A,14.4
17/05/2022,19.1,19.2,19.6,17.4,12.9,17.5,16.7
18/05/2022,16.6,19.9,19.4,19.0,17.5,15.5,17.6
19/05/2022,19.7,18.7,21.4,20.4,14.3,14.6,11.4
20/05/2022,13.6,13.8,13.0,7.6,8.5,10.0,12.0
21/05/2022,12.9,9.9,8.6,7.6,6.2,5.0,6.9
22/05/2022,14.4,11.0,9.6,11.5,7.9,8.6,7.8
23/05/2022,14.4,12.6,12.6,12.1,N/A,7.9,8.4
24/05/2022,16.6,13.8,15.6,16.2,9.8,11.5,13.1
25/05/2022,17.2,16.9,16.1,16.8,N/A,10.3,12.8
26/05/2022,18.4,17.2,17.7,16.5,15.3,10.6,12.8
27/05/2022,17.6,16.4,16.0,17.5,N/A,12.0,15.4
28/05/2022,14.1,15.8,15.0,13.7,12.0,11.5,13.9
29/05/2022,14.5,18.2,16.3,17.0,12.6,12.6,16.3
30/05/2022,17.7,N/A,17.6,21.7,N/A,14.1,16.5
31/05/2022,17.3,17.6,17.5,17.7,N/A,15.0,14.6
01/06/2022,22.5,16.0,17.4,19.8,10.8,16.1,13.3
02/06/2022,18.9,13.7,17.2,17.9,11.2,14.9,13.1
03/06/2022,16.7,15.2,18.4,18.1,11.8,14.4,12.9
04/06/2022,18.6,18.5,20.3,21.0,16.6,16.5,18.3
05/06/2022,19.3,19.9,21.2,22.1,16.3,17.3,18.7
06/06/2022,26.0,19.5,23.8,25.8,16.7,19.9,23.5
07/06/2022,21.7,20.6,20.8,19.5,14.3,17.0,20.2
08/06/2022,26.1,16.0,18.5,18.9,14.5,19.3,20.3
09/06/2022,21.1,16.8,16.5,17.4,12.3,18.8,16.7
10/06/2022,14.8,13.2,14.5,14.0,11.6,10.1,12.3
11/06/2022,13.2,11.5,8.7,10.2,7.2,11.1,13.0
12/06/2022,14.6,12.2,11.8,12.8,9.0,9.4,12.1
13/06/2022,17.6,12.1,12.5,13.4,N/A,12.6,12.3
14/06/2022,15.8,13.8,11.3,13.3,N/A,N/A,14.8
15/06/2022,17.9,19.0,17.4,19.0,15.6,N/A,13.6
16/06/2022,14.2,15.9,12.2,13.5,N/A,10.1,12.9
17/06/2022,16.3,16.7,13.2,16.5,11.8,9.9,20.1
18/06/2022,17.0,15.6,11.1,12.6,N/A,13.8,17.3
19/06/2022,19.1,15.7,21.4,N/A,N/A,17.9,16.2
20/06/2022,18.8,20.4,20.2,N/A,N/A,17.4,15.6
21/06/2022,21.0,18.0,19.8,N/A,N/A,15.0,9.4
22/06/2022,18.1,17.0,16.1,19.7,N/A,10.3,13.2
23/06/2022,14.5,18.9,15.5,17.1,N/A,10.7,18.1
24/06/2022,21.8,22.9,22.0,21.8,N/A,15.2,20.9
25/06/2022,7.0,12.4,7.8,9.0,5.8,5.2,10.2
26/06/2022,6.9,12.0,9.4,9.7,6.2,6.6,10.7
27/06/2022,11.2,12.9,12.6,11.5,9.9,7.6,16.6
28/06/2022,9.4,13.2,13.3,13.7,10.9,6.8,8.9
29/06/2022,9.5,10.3,10.6,10.3,8.5,5.9,9.8
30/06/2022,7.8,12.5,12.1,12.1,11.0,5.7,11.9
01/07/2022,11.6,15.8,15.6,15.3,12.3,10.1,12.4
02/07/2022,12.2,16.6,18.4,16.0,13.6,9.4,14.9
03/07/2022,11.3,14.9,16.1,17.0,12.5,8.2,14.3
04/07/2022,11.5,N/A,14.8,13.0,10.6,8.5,10.4
05/07/2022,8.4,N/A,14.6,15.3,10.7,8.4,10.4
06/07/2022,14.6,15.8,19.3,N/A,12.4,10.6,12.1
07/07/2022,N/A,17.8,22.7,N/A,13.8,16.4,13.1
08/07/2022,21.2,21.4,24.5,N/A,N/A,16.8,14.4
09/07/2022,20.3,23.2,25.0,N/A,N/A,18.6,16.3
10/07/2022,15.4,14.7,21.1,N/A,N/A,13.8,10.5
11/07/2022,13.1,12.8,14.9,N/A,N/A,10.5,14.2
12/07/2022,13.1,16.0,16.9,N/A,N/A,13.0,13.2
13/07/2022,12.9,14.2,14.6,16.8,N/A,10.9,13.3
14/07/2022,11.9,17.8,18.2,N/A,N/A,10.6,17.8
15/07/2022,12.6,16.9,14.3,N/A,N/A,9.9,14.8
16/07/2022,10.6,11.2,15.3,N/A,N/A,10.5,12.3
17/07/2022,9.2,15.6,16.6,N/A,N/A,9.9,13.7
18/07/2022,10.1,12.8,12.7,14.7,N/A,12.0,9.3
19/07/2022,10.7,11.8,11.4,12.0,N/A,12.4,10.6
20/07/2022,N/A,14.5,14.4,13.6,N/A,14.2,10.6
21/07/2022,11.6,14.0,11.2,12.6,N/A,10.3,N/A
22/07/2022,10.0,11.9,11.1,12.9,11.2,9.8,8.8
23/07/2022,9.0,12.7,8.8,10.2,9.4,11.1,5.9
24/07/2022,6.6,10.2,7.5,9.7,8.2,10.5,7.2
25/07/2022,7.0,7.3,6.5,7.7,5.3,9.0,5.8
26/07/2022,7.6,8.6,6.9,10.2,5.8,8.3,6.0
27/07/2022,8.4,10.9,8.8,10.4,6.9,9.5,8.1
28/07/2022,11.5,14.8,11.7,13.3,11.1,11.8,12.3
29/07/2022,24.4,19.2,25.1,24.6,N/A,19.9,17.1
30/07/2022,19.3,18.8,23.6,25.3,N/A,16.8,17.8
31/07/2022,21.5,20.0,22.6,N/A,N/A,15.0,18.0
01/08/2022,22.7,22.9,26.0,28.6,N/A,17.8,18.8
02/08/2022,20.3,18.7,21.4,25.6,N/A,13.2,17.0
03/08/2022,23.6,22.1,23.1,29.9,N/A,18.4,26.2
04/08/2022,24.1,17.6,22.9,27.8,N/A,19.9,15.1
05/08/2022,21.3,18.0,18.6,22.5,N/A,18.5,19.2
06/08/2022,22.3,20.6,23.3,28.7,N/A,18.2,16.3
07/08/2022,19.3,13.1,16.7,22.2,N/A,N/A,10.4
08/08/2022,15.3,12.0,13.6,16.8,N/A,10.8,12.8
09/08/2022,18.3,15.9,17.4,22.3,N/A,N/A,15.8
10/08/2022,19.8,15.7,19.8,23.9,N/A,N/A,15.3
11/08/2022,19.7,14.8,18.3,24.9,N/A,14.3,N/A
12/08/2022,15.0,14.3,15.3,15.4,N/A,12.2,12.1
13/08/2022,17.5,15.8,16.9,22.7,N/A,14.4,12.8
14/08/2022,19.3,17.1,19.9,26.0,N/A,15.1,15.1
15/08/2022,15.7,14.0,15.6,21.3,N/A,15.3,9.6
16/08/2022,11.2,12.0,11.3,19.0,N/A,10.7,6.9
17/08/2022,10.7,12.6,8.9,14.9,N/A,11.2,8.5
18/08/2022,14.8,15.9,15.9,20.6,N/A,13.7,12.9
19/08/2022,21.7,18.2,21.3,N/A,N/A,15.6,13.7
20/08/2022,25.6,21.9,25.5,N/A,N/A,17.4,18.6
21/08/2022,26.9,19.2,21.7,N/A,N/A,19.3,15.4
22/08/2022,20.3,17.0,21.2,N/A,N/A,13.8,N/A
23/08/2022,13.7,12.0,12.2,N/A,N/A,10.3,3.3
24/08/2022,11.7,11.3,11.1,12.9,N/A,8.9,7.1
25/08/2022,7.5,9.4,6.8,9.5,N/A,7.1,3.6
26/08/2022,5.6,7.2,5.9,6.9,N/A,4.2,2.1
27/08/2022,8.7,8.8,9.5,9.4,N/A,8.6,7.3
28/08/2022,9.3,10.4,10.3,12.2,N/A,13.4,8.3
29/08/2022,13.0,12.5,11.0,13.1,N/A,10.2,11.7
30/08/2022,18.4,14.3,14.5,17.5,N/A,16.9,21.2
31/08/2022,22.5,17.4,20.5,23.1,N/A,21.6,22.3
01/09/2022,21.3,18.6,22.3,25.2,N/A,20.2,19.5
02/09/2022,23.8,20.7,24.4,25.9,N/A,22.8,20.6
03/09/2022,22.6,19.7,22.4,25.3,N/A,21.0,18.4
04/09/2022,20.6,17.2,21.0,24.9,N/A,13.2,14.7
05/09/2022,24.0,21.7,23.9,28.0,N/A,21.4,24.7
06/09/2022,25.9,25.6,25.9,30.7,N/A,22.3,23.6
07/09/2022,14.9,18.7,17.0,18.7,N/A,N/A,18.0
08/09/2022,14.5,10.6,14.3,13.2,N/A,N/A,9.4
09/09/2022,12.1,13.7,13.8,13.2,N/A,5.4,10.1
10/09/2022,14.8,13.3,13.1,15.0,N/A,7.7,12.0
11/09/2022,16.7,15.7,17.3,21.9,N/A,10.3,17.4
12/09/2022,21.4,19.4,22.5,29.4,N/A,14.3,17.1
13/09/2022,17.1,16.3,17.6,24.3,N/A,10.0,14.9
14/09/2022,15.1,12.4,15.0,15.3,N/A,8.1,12.4
15/09/2022,13.3,14.5,13.1,14.7,N/A,7.3,16.0
16/09/2022,14.8,14.8,12.6,15.7,N/A,9.0,13.8
17/09/2022,17.0,14.9,18.3,21.9,N/A,10.4,16.3
18/09/2022,15.5,14.2,16.5,19.3,N/A,9.8,10.4
19/09/2022,11.2,14.4,10.4,13.4,N/A,8.0,10.5
20/09/2022,16.2,10.4,14.7,17.2,N/A,9.9,13.3
21/09/2022,15.1,11.5,13.0,14.1,N/A,6.8,11.6
22/09/2022,14.6,10.2,13.1,12.8,N/A,8.5,9.6
23/09/2022,10.4,N/A,9.3,10.0,N/A,5.7,7.0
24/09/2022,5.7,9.1,8.3,8.0,N/A,3.8,6.6
25/09/2022,N/A,8.9,10.2,11.2,N/A,5.3,6.8
26/09/2022,N/A,10.9,8.0,13.8,N/A,4.8,8.0
27/09/2022,N/A,9.7,8.3,10.1,N/A,7.0,9.8
28/09/2022,N/A,10.8,11.9,12.4,N/A,6.7,7.4
29/09/2022,10.1,13.4,10.8,12.4,N/A,6.4,8.8
30/09/2022,12.1,15.9,13.5,14.6,N/A,11.5,11.7
01/10/2022,13.9,16.8,14.9,17.1,N/A,14.4,13.4
02/10/2022,16.4,16.8,19.7,20.6,N/A,14.7,19.2
03/10/2022,18.7,18.5,19.0,20.7,N/A,16.3,15.5
04/10/2022,17.2,17.4,17.6,21.5,N/A,13.0,18.0
05/10/2022,16.6,16.0,18.7,21.5,N/A,12.7,13.1
06/10/2022,10.8,10.5,11.4,16.1,N/A,6.6,12.4
07/10/2022,11.7,10.4,11.1,12.9,N/A,6.7,11.9
08/10/2022,12.8,9.6,13.0,13.5,N/A,7.7,9.3
09/10/2022,14.1,10.8,12.8,14.4,N/A,11.4,10.4
10/10/2022,14.6,11.1,9.6,12.4,N/A,6.8,9.0
11/10/2022,13.0,9.6,9.6,11.8,N/A,7.2,6.7
12/10/2022,17.5,11.5,11.8,14.0,N/A,8.8,14.3
13/10/2022,19.7,15.3,15.2,16.9,N/A,11.5,17.1
14/10/2022,25.3,17.3,20.7,22.6,N/A,12.8,22.0
15/10/2022,22.7,13.9,16.7,18.6,N/A,N/A,15.0
16/10/2022,14.3,8.4,6.5,9.9,N/A,N/A,7.9
17/10/2022,14.5,7.3,8.3,10.3,N/A,N/A,5.6
18/10/2022,13.9,7.7,8.9,12.5,N/A,N/A,7.3
19/10/2022,15.7,8.8,11.0,15.0,N/A,3.7,7.0
20/10/2022,15.8,12.1,10.4,14.4,N/A,7.6,9.7
21/10/2022,24.7,19.6,17.7,21.2,N/A,13.7,17.1
22/10/2022,19.6,12.1,11.2,11.6,N/A,8.3,16.7
23/10/2022,16.4,10.4,11.0,12.9,N/A,6.8,9.2
24/10/2022,16.1,10.8,9.7,13.8,N/A,7.5,10.5
25/10/2022,32.6,16.6,14.5,16.8,N/A,9.4,13.6
26/10/2022,34.3,22.2,21.1,20.9,N/A,15.3,16.6
27/10/2022,22.5,21.6,23.1,24.6,N/A,16.0,26.9
28/10/2022,18.0,19.9,19.4,20.1,16.7,14.5,23.3
29/10/2022,16.3,14.9,12.7,12.0,9.9,10.0,15.4
30/10/2022,16.0,16.4,14.3,15.8,12.4,8.5,12.5
31/10/2022,15.9,20.3,16.3,19.4,15.1,10.9,10.0
01/11/2022,18.6,20.0,16.1,17.9,16.7,13.1,14.4
02/11/2022,20.2,19.7,15.9,18.8,17.6,13.8,16.5
03/11/2022,19.8,19.2,19.1,18.7,14.3,9.8,15.7
04/11/2022,20.5,16.4,16.7,18.8,12.6,10.2,13.1
05/11/2022,23.4,14.7,18.4,20.6,12.7,10.3,15.7
06/11/2022,20.8,13.6,19.0,21.8,11.7,12.5,13.2
07/11/2022,16.3,9.0,13.3,13.8,6.4,5.7,11.1
08/11/2022,20.2,11.5,12.7,10.0,8.2,8.8,10.1
09/11/2022,25.3,16.1,14.7,16.2,10.8,11.8,16.8
10/11/2022,25.9,14.5,13.4,13.9,10.4,10.3,15.0
11/11/2022,31.2,20.2,22.2,21.3,17.2,15.1,16.6
12/11/2022,33.9,21.0,22.5,22.2,16.8,16.7,19.3
13/11/2022,31.5,19.7,21.1,19.7,14.6,16.1,14.2
14/11/2022,28.5,20.1,19.9,22.5,17.7,16.0,16.2
15/11/2022,24.3,15.6,17.7,24.0,13.9,14.3,16.3
16/11/2022,23.6,15.1,17.5,17.8,12.6,11.5,14.0
17/11/2022,21.3,10.9,17.4,18.7,9.4,6.8,9.0
18/11/2022,16.3,8.2,9.6,10.3,4.4,3.4,7.3
19/11/2022,14.1,10.6,11.3,11.5,3.0,7.4,10.1
20/11/2022,16.0,10.4,12.7,12.6,7.5,7.4,10.3
21/11/2022,17.9,17.5,19.0,17.0,11.2,9.5,11.6
22/11/2022,18.1,14.3,18.3,22.6,12.5,9.7,9.7
23/11/2022,13.8,13.7,11.6,13.9,9.1,6.0,8.8
24/11/2022,14.7,N/A,11.2,15.7,5.9,2.9,6.1
25/11/2022,8.6,5.6,5.7,7.6,4.0,1.2,5.3
26/11/2022,14.9,8.2,6.0,7.8,5.8,3.6,6.4
27/11/2022,13.8,7.3,7.3,8.7,4.6,3.8,8.2
28/11/2022,19.0,12.9,13.4,12.3,11.7,11.0,10.6
29/11/2022,27.1,20.8,18.8,17.1,17.3,16.2,16.2
30/11/2022,27.6,20.6,21.8,20.9,20.6,15.2,15.4
01/12/2022,21.3,13.9,14.7,20.3,10.3,7.4,13.0
02/12/2022,16.5,11.9,12.1,16.3,7.4,5.5,7.6
03/12/2022,17.9,10.8,11.1,12.5,6.1,5.8,13.8
04/12/2022,20.7,14.7,16.5,18.6,9.9,7.4,12.9
05/12/2022,22.6,15.3,18.2,25.9,19.5,7.9,15.1
06/12/2022,24.2,14.8,18.2,32.3,16.7,7.8,17.0
07/12/2022,27.3,15.8,20.1,22.3,14.5,11.0,19.4
08/12/2022,23.5,13.1,15.2,16.1,7.1,7.1,10.4
09/12/2022,35.4,18.8,23.7,21.0,14.3,11.3,14.5
10/12/2022,38.8,22.2,25.5,27.9,20.2,14.8,22.6
11/12/2022,31.3,21.3,27.4,32.1,18.8,14.2,21.4
12/12/2022,23.5,21.4,25.1,24.3,17.9,15.6,17.3
13/12/2022,30.7,25.4,29.7,31.4,26.5,18.7,N/A
14/12/2022,23.8,12.0,14.0,14.4,9.4,6.1,8.5
15/12/2022,22.3,13.8,18.1,19.0,12.3,8.9,14.1
16/12/2022,34.3,17.7,34.8,33.0,18.2,14.1,15.6
17/12/2022,34.3,24.9,33.3,30.1,20.1,17.5,25.3
18/12/2022,21.7,17.2,25.3,27.3,14.2,8.9,20.8
19/12/2022,26.9,19.5,30.0,30.2,16.6,8.7,21.4
20/12/2022,20.8,21.4,22.7,24.7,13.4,9.2,19.8
21/12/2022,11.6,16.2,9.4,8.4,7.8,6.7,15.1
22/12/2022,22.5,24.0,23.3,20.8,19.9,16.2,23.8
23/12/2022,42.1,32.1,30.7,29.0,29.5,25.8,31.9
24/12/2022,33.2,29.0,32.1,33.2,25.2,15.9,27.2
25/12/2022,26.1,15.2,19.7,18.5,12.2,7.1,19.1
26/12/2022,11.7,12.3,11.3,13.8,8.8,7.5,10.1
27/12/2022,13.0,7.8,9.1,12.6,7.6,4.0,12.9
28/12/2022,17.3,7.8,12.4,17.7,6.5,2.5,15.1
29/12/2022,25.1,11.4,12.6,20.9,5.9,6.4,17.3
30/12/2022,36.8,18.8,17.1,15.7,12.6,11.3,15.8
31/12/2022,49.1,24.0,22.3,17.3,17.5,14.3,17.4
01/01/2023,47.9,21.9,22.1,18.9,17.9,14.6,20.3
02/01/2023,37.0,15.3,13.9,12.6,13.5,11.3,19.7
03/01/2023,34.0,17.8,N/A,11.6,12.9,9.8,15.1
04/01/2023,26.8,16.0,N/A,19.0,14.5,9.1,13.9
05/01/2023,27.2,12.9,N/A,16.3,9.6,8.2,11.3
06/01/2023,27.4,18.7,N/A,22.3,14.5,N/A,16.8
07/01/2023,21.5,13.9,N/A,20.1,11.1,N/A,12.0
08/01/2023,34.0,15.4,N/A,22.5,15.7,11.2,16.1
09/01/2023,33.9,18.2,N/A,18.5,15.4,12.4,15.2
10/01/2023,24.2,19.1,N/A,26.2,14.0,10.4,13.1
11/01/2023,17.3,14.4,N/A,21.2,11.5,7.1,13.5
12/01/2023,15.7,10.9,N/A,16.0,9.8,6.9,6.6
13/01/2023,13.6,12.9,N/A,N/A,8.4,8.8,9.3
14/01/2023,10.4,14.2,N/A,13.4,5.7,5.4,11.2
15/01/2023,12.2,9.1,N/A,10.4,6.7,4.0,7.8
16/01/2023,13.8,16.3,N/A,6.9,4.2,2.6,8.7
17/01/2023,20.4,16.1,N/A,17.4,5.8,4.2,7.1
18/01/2023,15.5,12.5,N/A,13.7,5.7,3.3,14.0
19/01/2023,22.7,14.8,N/A,16.7,8.0,3.4,11.1
20/01/2023,30.2,17.7,N/A,20.6,N/A,9.0,16.2
21/01/2023,33.0,20.9,N/A,21.5,N/A,11.3,18.8
22/01/2023,32.1,17.6,N/A,23.3,15.0,13.5,18.0
23/01/2023,33.0,21.6,N/A,25.0,N/A,N/A,16.9
24/01/2023,31.2,22.1,N/A,29.3,N/A,N/A,22.4
25/01/2023,28.5,21.2,N/A,35.8,N/A,N/A,22.4
26/01/2023,38.0,29.3,N/A,46.3,N/A,21.6,23.6
27/01/2023,38.1,31.8,N/A,29.9,27.1,23.0,22.7
28/01/2023,27.1,30.0,31.7,32.3,N/A,22.3,12.5
29/01/2023,13.3,7.4,13.5,17.4,9.1,3.4,7.1
30/01/2023,10.6,N/A,9.6,10.2,N/A,3.7,N/A
31/01/2023,13.2,N/A,9.3,8.9,N/A,5.9,N/A
01/02/2023,N/A,10.5,N/A,9.9,N/A,3.6,5.6
02/02/2023,N/A,11.0,N/A,7.4,6.6,4.2,5.3
03/02/2023,N/A,9.4,14.3,12.8,4.2,4.0,7.6
04/02/2023,15.6,10.3,13.9,12.2,5.8,3.3,3.5
05/02/2023,19.2,9.1,15.3,10.4,N/A,2.9,3.6
06/02/2023,11.8,6.7,4.2,5.0,5.2,2.4,3.0
07/02/2023,11.9,9.3,6.9,N/A,N/A,3.8,3.0
08/02/2023,14.0,11.0,9.8,N/A,N/A,4.0,8.5
09/02/2023,22.0,9.7,11.0,10.8,N/A,5.0,9.9
10/02/2023,36.5,16.7,12.6,10.7,4.9,7.9,10.1
11/02/2023,23.5,19.5,13.4,11.9,13.2,12.8,13.9
12/02/2023,27.0,24.0,20.5,20.0,15.5,12.6,14.9
13/02/2023,32.6,17.7,17.7,18.5,11.9,10.9,13.3
14/02/2023,32.2,16.8,17.5,14.1,7.7,12.3,10.8
15/02/2023,20.2,13.3,14.2,15.9,13.2,8.2,10.2
16/02/2023,31.5,20.1,17.1,14.0,5.9,7.4,14.6
17/02/2023,26.0,14.2,13.6,20.0,6.6,6.3,9.0
18/02/2023,18.5,14.5,14.4,16.6,6.9,7.5,10.5
19/02/2023,19.3,19.7,17.0,16.6,6.3,10.2,12.1
20/02/2023,14.2,14.4,9.5,15.0,6.7,5.8,7.2
21/02/2023,12.9,13.0,11.3,10.5,7.8,7.3,13.4
22/02/2023,21.2,16.7,16.5,25.2,7.1,9.7,13.8
23/02/2023,22.8,16.6,15.9,18.9,7.6,10.9,14.5
24/02/2023,18.9,19.1,17.3,22.4,12.2,11.9,17.1
25/02/2023,19.2,19.3,21.1,24.5,10.4,13.1,16.2
26/02/2023,25.4,26.5,25.9,26.1,16.6,17.3,18.2
27/02/2023,34.2,29.4,30.6,30.5,22.6,23.6,21.4
28/02/2023,44.7,38.7,38.7,37.7,30.0,25.8,31.5
01/03/2023,42.3,35.8,38.5,45.3,22.3,23.3,29.5
02/03/2023,41.2,31.7,39.7,37.6,23.5,25.5,30.3
03/03/2023,43.6,32.0,34.4,34.9,28.3,25.2,27.6
04/03/2023,24.7,14.6,18.9,21.0,12.4,12.8,13.7
05/03/2023,21.2,15.5,13.8,14.2,10.6,13.7,12.8
06/03/2023,14.0,8.0,8.9,N/A,8.1,6.6,5.6
07/03/2023,13.1,7.5,9.0,N/A,N/A,4.6,3.8
08/03/2023,12.9,8.7,7.2,8.8,N/A,5.1,4.1
09/03/2023,12.9,8.0,7.5,7.5,5.3,5.5,6.5
10/03/2023,18.8,10.7,9.2,8.5,5.2,7.7,5.9
11/03/2023,22.1,14.8,14.8,10.7,8.3,N/A,9.7
12/03/2023,16.4,14.8,12.4,11.9,11.3,8.0,7.9
13/03/2023,14.1,11.4,8.4,9.5,8.4,6.8,5.5
14/03/2023,15.0,12.3,8.4,8.2,N/A,5.6,9.7
15/03/2023,17.4,8.6,9.1,10.4,N/A,5.0,7.2
16/03/2023,13.7,8.9,10.7,10.7,6.1,5.7,7.0
17/03/2023,16.6,10.6,8.0,9.3,11.9,11.7,4.7
18/03/2023,11.7,6.4,6.9,5.3,N/A,4.1,4.5
19/03/2023,11.1,7.7,4.2,6.3,N/A,4.5,6.0
20/03/2023,15.0,7.1,6.4,6.7,1.5,3.7,3.9
21/03/2023,14.6,11.6,8.7,8.5,6.7,6.3,8.8
22/03/2023,18.8,14.5,15.2,N/A,9.7,9.1,11.1
23/03/2023,18.0,16.9,15.7,15.2,8.2,10.4,12.3
24/03/2023,18.2,17.0,16.4,14.4,11.4,11.6,11.6
25/03/2023,15.5,18.3,13.3,14.0,11.3,11.3,15.4
26/03/2023,12.1,14.0,13.4,14.2,11.2,9.7,10.0
27/03/2023,15.0,13.6,12.4,12.8,9.9,13.2,11.9
28/03/2023,15.9,15.7,11.0,13.1,10.7,12.0,11.7
29/03/2023,9.3,7.4,6.6,7.5,8.1,6.9,6.8
30/03/2023,10.5,7.3,6.4,7.1,5.3,5.0,3.6
31/03/2023,13.2,10.0,9.9,9.6,5.4,4.6,5.7
01/04/2023,11.6,7.6,7.0,8.3,5.8,5.4,6.0
02/04/2023,13.4,7.9,9.1,8.8,4.4,7.8,5.3
03/04/2023,16.7,14.2,12.2,10.5,7.5,9.4,11.6
04/04/2023,18.8,16.8,16.7,17.3,10.9,12.2,11.5
05/04/2023,15.2,11.1,7.8,16.2,8.6,6.8,6.4
06/04/2023,13.4,8.0,7.7,12.9,4.9,6.3,4.3
07/04/2023,13.8,7.8,8.7,7.8,3.8,6.4,4.1
08/04/2023,10.8,8.0,5.2,6.5,3.6,N/A,5.7
09/04/2023,17.2,14.1,11.0,10.4,6.8,9.9,14.2
10/04/2023,22.6,21.9,17.2,18.6,12.5,16.7,14.9
11/04/2023,15.1,11.5,12.2,13.8,11.6,10.4,9.1
12/04/2023,11.5,5.0,7.7,6.9,3.8,N/A,5.8
13/04/2023,12.8,10.2,7.3,8.2,6.4,N/A,9.2
14/04/2023,16.3,11.2,12.3,12.3,7.2,8.8,9.2
15/04/2023,19.6,12.5,16.9,13.3,9.7,10.0,10.9
16/04/2023,25.1,19.0,19.5,17.3,12.2,11.0,16.5
17/04/2023,18.9,13.9,15.1,18.7,10.4,8.5,N/A
18/04/2023,20.6,14.1,13.6,19.3,6.6,11.2,N/A
19/04/2023,22.7,20.2,17.6,20.3,14.1,14.9,34.8
20/04/2023,12.8,10.8,9.5,11.5,8.8,7.2,6.5
21/04/2023,11.4,9.9,9.4,8.8,4.8,6.3,N/A
22/04/2023,14.7,13.3,10.5,11.1,8.5,7.9,N/A
23/04/2023,11.8,11.5,9.1,10.8,7.0,7.9,N/A
24/04/2023,12.7,11.5,8.7,11.4,N/A,7.2,N/A
25/04/2023,15.0,10.5,10.9,12.2,N/A,6.0,N/A
26/04/2023,14.6,10.4,10.0,11.3,N/A,10.1,N/A
27/04/2023,14.4,9.6,9.3,11.3,5.9,8.3,N/A
28/04/2023,9.5,8.5,7.9,8.4,4.2,5.7,N/A
29/04/2023,6.9,N/A,6.8,7.4,3.8,4.5,N/A
30/04/2023,9.4,N/A,7.4,8.3,7.7,8.0,N/A
01/05/2023,12.3,N/A,13.0,13.4,10.5,9.7,N/A
02/05/2023,12.8,N/A,11.0,11.5,8.1,8.8,N/A
03/05/2023,11.5,12.9,10.0,10.0,7.3,7.6,N/A
04/05/2023,14.7,11.7,10.7,12.5,6.4,5.6,N/A
05/05/2023,18.7,13.2,12.2,13.5,8.9,11.4,N/A
06/05/2023,16.9,13.3,11.8,14.1,12.9,11.0,N/A
07/05/2023,15.0,8.8,8.6,11.4,8.7,7.5,N/A
08/05/2023,12.4,11.7,7.7,11.0,7.2,8.1,N/A
09/05/2023,17.7,13.4,11.3,14.9,10.4,8.1,N/A
10/05/2023,17.2,13.0,13.6,14.7,11.3,8.4,N/A
11/05/2023,14.7,13.3,10.9,12.2,8.3,7.1,N/A
12/05/2023,16.5,13.1,11.7,13.0,14.4,10.7,N/A
13/05/2023,17.5,17.3,15.5,21.2,16.8,13.1,N/A
14/05/2023,21.2,18.7,18.3,19.6,15.9,14.8,N/A
15/05/2023,15.4,18.2,16.3,17.2,15.4,10.3,N/A
16/05/2023,15.7,15.3,12.2,14.0,11.6,9.8,N/A
17/05/2023,15.3,14.5,10.9,13.2,11.9,8.0,N/A
18/05/2023,16.3,12.8,11.7,14.9,13.6,11.1,N/A
19/05/2023,17.4,17.0,12.0,16.8,14.7,13.1,N/A
20/05/2023,17.5,16.1,16.2,18.3,15.4,14.4,N/A
21/05/2023,14.7,14.3,10.8,16.1,12.1,11.4,N/A
22/05/2023,20.3,17.1,17.3,28.3,18.0,15.9,N/A
23/05/2023,20.4,19.8,17.7,21.2,25.4,18.0,N/A
24/05/2023,20.0,20.1,17.0,19.4,17.6,18.1,N/A
25/05/2023,15.9,16.7,13.5,17.8,14.2,14.7,N/A
26/05/2023,17.4,15.4,12.5,15.0,12.3,17.2,N/A
27/05/2023,16.8,15.4,14.9,15.5,12.3,16.3,N/A
28/05/2023,37.1,51.7,44.0,41.3,50.4,36.6,N/A
29/05/2023,23.4,20.8,17.0,21.5,18.2,22.8,N/A
30/05/2023,20.0,15.8,16.3,17.8,13.6,18.6,N/A
31/05/2023,13.7,11.6,11.8,15.9,11.1,11.0,N/A
01/06/2023,11.9,12.7,11.8,13.1,8.6,N/A,N/A
02/06/2023,15.7,13.4,14.1,N/A,10.1,17.2,N/A
03/06/2023,21.7,19.4,18.5,22.4,16.8,24.7,N/A
04/06/2023,11.1,12.8,11.4,14.4,11.4,11.9,N/A
05/06/2023,14.7,13.5,12.8,N/A,13.6,13.7,N/A
06/06/2023,15.6,19.0,17.8,20.2,17.3,12.8,N/A
07/06/2023,11.8,18.7,14.2,N/A,17.6,5.9,N/A
08/06/2023,12.9,15.3,11.3,14.4,13.5,6.6,N/A
09/06/2023,13.0,14.6,12.4,12.7,11.1,9.0,N/A
10/06/2023,22.9,18.0,16.5,20.3,16.6,15.5,N/A
11/06/2023,23.6,18.1,20.0,18.8,15.6,20.5,N/A
12/06/2023,16.9,13.1,12.2,14.6,11.4,13.8,N/A
13/06/2023,19.3,14.8,13.4,17.1,12.3,15.8,N/A
14/06/2023,21.6,15.8,16.6,19.7,14.1,16.0,N/A
15/06/2023,19.3,16.1,16.2,19.5,15.3,11.4,N/A
16/06/2023,18.8,17.0,12.1,15.1,10.5,12.9,N/A
17/06/2023,18.2,13.0,13.9,12.6,13.7,13.5,N/A
18/06/2023,10.6,8.8,10.8,11.3,8.8,8.6,N/A
19/06/2023,12.0,9.8,10.1,11.1,N/A,8.9,N/A
20/06/2023,13.6,14.4,11.6,14.2,11.8,8.2,N/A
21/06/2023,13.5,14.0,12.4,14.8,12.2,9.1,N/A
22/06/2023,14.4,13.1,7.8,11.0,9.5,5.7,N/A
23/06/2023,13.0,11.5,8.4,10.7,8.1,7.4,N/A
24/06/2023,11.2,10.1,7.8,10.4,8.9,7.0,N/A
25/06/2023,14.5,11.9,11.8,11.9,11.3,10.5,N/A
26/06/2023,22.0,18.8,19.3,19.8,16.8,15.4,N/A
27/06/2023,21.7,17.4,15.0,17.6,13.8,18.4,N/A
28/06/2023,22.4,18.0,20.6,19.7,17.0,20.0,N/A
29/06/2023,18.9,16.9,19.4,19.9,15.0,17.2,N/A
30/06/2023,16.7,15.9,16.3,14.5,13.0,15.3,N/A
01/07/2023,15.4,16.6,16.5,15.6,16.0,15.5,N/A
02/07/2023,14.8,14.0,15.4,N/A,13.6,16.0,N/A
03/07/2023,14.4,16.3,16.4,15.9,15.2,15.2,N/A
04/07/2023,16.2,17.1,17.5,16.2,14.9,15.7,N/A
05/07/2023,15.6,18.0,16.6,17.7,16.7,N/A,N/A
06/07/2023,23.1,21.5,22.0,21.5,19.3,21.0,N/A
07/07/2023,26.0,27.2,28.7,27.7,24.8,24.3,N/A
08/07/2023,23.2,24.0,23.7,N/A,24.1,18.2,N/A
09/07/2023,15.6,23.0,20.7,N/A,21.9,12.7,N/A
10/07/2023,8.3,12.9,9.1,10.3,10.4,6.2,N/A
11/07/2023,9.1,8.5,6.7,N/A,5.8,6.3,N/A
12/07/2023,11.2,9.8,8.5,8.4,6.7,6.4,N/A
13/07/2023,12.8,15.1,10.4,10.8,8.5,8.4,N/A
14/07/2023,15.0,18.0,13.8,14.8,13.7,9.7,N/A
15/07/2023,17.6,13.9,14.4,13.4,12.3,N/A,N/A
16/07/2023,15.2,15.8,13.0,12.2,13.2,10.1,N/A
17/07/2023,14.1,12.3,11.7,11.0,8.3,7.1,N/A
18/07/2023,13.9,11.3,11.7,9.9,8.9,5.9,N/A
19/07/2023,15.9,11.5,13.5,12.3,10.8,6.5,N/A
20/07/2023,14.2,12.9,12.5,13.2,9.5,6.5,N/A
21/07/2023,14.9,13.0,12.1,12.6,13.5,7.6,12.1
22/07/2023,19.0,15.9,17.8,17.2,15.3,11.4,15.9
23/07/2023,15.9,17.0,17.5,14.7,16.9,11.8,15.5
24/07/2023,20.7,13.7,15.6,14.9,16.2,N/A,14.2
25/07/2023,18.2,13.6,N/A,14.2,14.5,10.1,13.1
26/07/2023,15.0,12.0,14.4,12.7,15.6,7.6,13.8
27/07/2023,16.3,13.2,14.9,15.7,12.4,9.5,14.9
28/07/2023,19.5,16.5,19.6,18.9,16.7,16.1,15.9
29/07/2023,18.1,16.0,17.8,18.8,18.5,18.5,14.4
30/07/2023,13.5,13.4,14.6,15.4,16.2,15.4,12.9
31/07/2023,15.0,12.4,15.2,15.6,13.2,13.7,17.5
01/08/2023,N/A,13.4,16.7,17.8,15.7,15.4,14.7
02/08/2023,12.3,11.0,12.8,14.5,14.4,10.1,12.2
03/08/2023,13.8,14.6,16.3,15.5,14.4,12.4,15.8
04/08/2023,15.5,14.8,16.7,16.2,15.8,13.2,13.5
05/08/2023,15.5,22.4,17.6,18.0,N/A,15.7,11.7
06/08/2023,10.6,12.2,15.1,14.6,N/A,10.7,9.6
07/08/2023,10.5,34.1,11.0,12.3,10.6,11.1,9.2
08/08/2023,10.0,9.7,8.5,9.8,8.8,9.2,8.9
09/08/2023,12.6,9.7,10.5,11.7,11.0,10.6,9.6
10/08/2023,14.7,12.5,13.7,12.6,13.8,13.4,13.8
11/08/2023,20.4,16.6,20.5,19.3,17.8,18.2,15.6
12/08/2023,17.3,16.1,17.7,18.7,17.3,15.3,15.9
13/08/2023,N/A,15.1,16.5,15.2,18.3,13.8,13.0
14/08/2023,N/A,18.3,16.8,16.2,19.1,14.8,17.2
15/08/2023,19.0,19.9,20.9,21.0,20.9,18.6,18.7
16/08/2023,19.1,19.6,21.4,22.8,22.0,18.1,20.0
17/08/2023,22.3,21.7,24.8,23.8,24.1,18.1,20.5
18/08/2023,22.9,22.8,27.0,24.5,N/A,22.2,24.4
19/08/2023,26.7,24.2,28.2,25.3,26.3,24.4,21.9
20/08/2023,20.8,20.0,22.9,22.8,22.3,21.3,18.3
21/08/2023,20.8,17.7,20.0,21.8,19.6,18.8,18.5
22/08/2023,20.2,18.8,21.9,23.1,N/A,19.5,17.7
23/08/2023,19.2,19.0,20.4,20.5,21.0,16.0,15.9
24/08/2023,18.0,18.5,19.7,18.7,21.8,16.2,16.2
25/08/2023,21.2,19.1,22.2,21.3,21.6,17.2,22.5
26/08/2023,21.2,21.5,24.5,22.2,24.1,18.8,20.4
27/08/2023,N/A,16.4,19.8,20.8,20.7,16.1,13.2
28/08/2023,N/A,15.7,18.1,N/A,18.9,16.8,16.6
29/08/2023,17.0,18.0,N/A,N/A,20.3,15.7,18.7
30/08/2023,17.2,16.0,21.2,19.0,19.0,13.5,16.6
31/08/2023,16.2,16.4,17.5,18.7,18.4,12.0,13.9
01/09/2023,13.5,12.3,13.9,15.8,14.9,9.3,11.5
02/09/2023,13.6,10.3,12.1,13.3,12.0,9.7,12.7
03/09/2023,22.4,16.7,21.7,22.0,18.8,13.7,23.0
04/09/2023,21.0,17.5,20.5,21.2,20.3,17.4,17.1
05/09/2023,19.4,13.9,16.9,17.4,16.6,15.4,15.7
06/09/2023,17.0,15.2,16.1,16.5,15.8,11.4,16.0
07/09/2023,15.0,13.3,13.6,15.0,13.6,9.2,13.7
08/09/2023,16.3,12.1,14.4,15.0,13.5,10.7,15.3
09/09/2023,16.7,12.5,16.0,16.3,15.6,12.9,14.4
10/09/2023,15.9,14.2,14.9,15.8,16.3,14.0,14.0
11/09/2023,16.9,16.7,17.1,17.4,17.0,14.8,17.9
12/09/2023,14.3,16.1,13.3,15.2,13.7,9.5,11.2
13/09/2023,9.5,8.2,7.4,8.8,8.0,3.9,7.0
14/09/2023,9.3,8.1,7.3,8.0,6.1,4.2,8.6
15/09/2023,10.3,10.2,8.8,8.9,9.0,5.9,7.7
16/09/2023,10.0,8.4,7.9,9.3,7.5,6.8,9.0
17/09/2023,10.5,9.1,9.2,10.2,9.4,6.7,10.1
18/09/2023,13.5,12.8,12.6,13.3,10.8,7.5,11.9
19/09/2023,12.4,12.7,12.7,14.5,12.2,9.3,11.8
20/09/2023,14.7,12.4,12.6,15.3,13.6,9.1,12.2
21/09/2023,12.8,13.4,13.3,14.4,12.9,9.1,14.6
22/09/2023,11.7,14.8,15.9,16.0,14.5,9.9,15.4
23/09/2023,11.5,14.7,13.5,14.0,14.2,8.8,13.5
24/09/2023,13.8,14.2,15.2,15.7,14.3,10.6,13.2
25/09/2023,16.0,16.5,19.5,17.0,17.0,13.1,17.4
26/09/2023,18.5,17.3,N/A,21.1,17.4,15.1,16.7
27/09/2023,15.9,19.3,19.3,N/A,18.5,13.4,14.6
28/09/2023,17.5,17.5,18.9,N/A,18.2,15.0,15.9
29/09/2023,10.9,14.2,11.7,9.9,13.4,9.0,8.6
30/09/2023,8.6,9.8,8.4,9.3,7.8,6.0,8.3
01/10/2023,9.4,10.3,10.9,16.2,12.3,6.4,10.7
02/10/2023,10.6,9.1,10.5,11.0,10.3,6.8,8.4
03/10/2023,12.2,9.3,12.1,11.0,8.1,7.5,9.8
04/10/2023,11.5,11.2,10.3,11.8,6.8,9.0,9.9
05/10/2023,13.8,10.1,14.1,13.5,8.3,8.6,10.9
06/10/2023,14.0,11.3,12.5,13.8,7.0,10.6,11.2
07/10/2023,15.5,13.1,13.9,15.6,9.8,11.7,16.3
08/10/2023,18.8,14.3,16.7,19.3,10.7,14.8,16.7
09/10/2023,17.8,13.3,15.9,18.1,13.1,12.3,15.9
10/10/2023,20.6,16.1,16.9,18.9,12.0,14.9,16.5
11/10/2023,21.0,15.6,18.7,19.7,14.4,15.2,16.4
12/10/2023,18.7,14.3,17.7,19.1,12.5,11.4,15.7
13/10/2023,18.0,12.3,12.0,15.8,11.9,10.1,12.3
14/10/2023,18.9,13.3,14.8,16.7,14.2,14.0,13.1
15/10/2023,14.2,10.0,11.3,11.7,9.4,7.8,8.0
16/10/2023,16.2,10.5,13.1,13.4,11.0,10.5,10.8
17/10/2023,16.2,10.1,12.1,12.6,11.0,9.2,9.9
18/10/2023,16.1,9.1,11.3,12.5,9.9,8.7,11.2
19/10/2023,16.2,10.4,12.7,12.3,8.3,7.3,8.3
20/10/2023,15.1,10.5,11.0,12.3,6.8,5.7,5.9
21/10/2023,13.3,9.2,9.7,11.1,7.3,6.1,8.1
22/10/2023,18.1,11.0,15.9,18.8,12.4,8.5,8.5
23/10/2023,22.3,16.4,19.1,23.4,13.7,12.2,14.2
24/10/2023,22.8,19.8,21.0,22.8,20.1,16.4,20.9
25/10/2023,25.4,21.1,24.7,24.1,17.7,16.5,19.7
26/10/2023,29.7,23.3,24.6,28.3,21.2,17.7,22.6
27/10/2023,28.4,22.8,26.5,28.2,N/A,17.7,21.2
28/10/2023,25.2,21.1,24.2,26.5,20.4,18.1,19.9
29/10/2023,23.4,20.0,18.7,21.6,19.0,19.4,18.2
30/10/2023,25.9,20.9,20.8,24.5,17.4,19.6,18.7
31/10/2023,25.1,19.6,23.1,26.9,16.3,12.0,17.8
01/11/2023,19.3,16.4,18.2,19.9,13.4,12.3,14.5
02/11/2023,15.8,12.5,13.5,15.2,12.0,11.0,11.6
03/11/2023,12.3,9.6,12.2,11.3,8.2,9.5,11.4
04/11/2023,15.9,12.2,14.5,17.4,10.5,13.7,12.1
05/11/2023,14.6,13.9,16.7,18.0,12.8,16.6,13.3
06/11/2023,20.0,21.4,21.2,16.8,18.0,19.3,17.6
07/11/2023,23.9,20.6,25.0,29.1,18.6,20.1,14.7
08/11/2023,21.3,21.1,24.2,24.4,20.0,19.7,16.3
09/11/2023,18.2,17.2,20.8,23.2,16.8,18.4,16.3
10/11/2023,14.0,14.2,15.3,18.2,12.6,12.7,13.0
11/11/2023,17.7,14.9,19.2,19.4,12.9,N/A,14.1
12/11/2023,27.2,19.7,31.4,28.5,22.6,25.3,16.8
13/11/2023,29.1,22.1,30.8,33.8,22.1,27.2,20.1
14/11/2023,16.6,10.1,16.2,17.7,15.4,7.7,6.3
15/11/2023,15.6,7.7,12.2,19.2,10.3,10.0,9.0
16/11/2023,11.2,6.3,11.3,12.1,7.1,6.7,8.0
17/11/2023,9.6,6.7,8.5,7.9,5.5,5.8,6.8
18/11/2023,9.6,3.7,5.7,8.1,5.3,3.2,4.3
19/11/2023,6.9,3.0,3.5,5.2,3.5,3.1,4.6
20/11/2023,8.3,4.8,4.9,5.1,4.9,3.5,4.6
21/11/2023,10.5,7.2,8.5,12.5,2.4,4.1,6.2
22/11/2023,13.7,7.6,11.0,14.1,5.0,5.8,6.4
23/11/2023,17.4,11.1,12.6,11.4,8.3,9.8,10.7
24/11/2023,18.8,12.9,15.4,17.3,9.2,7.8,10.8
25/11/2023,21.6,16.8,19.1,21.7,13.9,15.6,20.6
26/11/2023,27.2,24.0,29.7,29.7,25.2,24.4,28.0
27/11/2023,8.5,4.9,5.5,5.8,4.6,2.1,4.7
28/11/2023,14.5,7.8,8.0,10.2,6.3,2.8,6.3
29/11/2023,17.0,5.8,10.9,13.6,3.6,3.0,7.4
30/11/2023,30.8,14.3,18.2,19.2,N/A,5.0,9.0
01/12/2023,20.6,13.4,21.5,28.3,N/A,7.9,13.2
02/12/2023,18.9,15.2,13.7,21.7,11.3,7.5,12.6
03/12/2023,21.9,14.0,18.1,18.8,12.8,9.6,13.7
04/12/2023,32.1,20.7,24.5,23.0,18.9,18.3,19.0
05/12/2023,28.9,22.4,22.3,22.9,18.2,18.6,25.0
06/12/2023,28.5,15.8,22.2,24.2,17.2,14.6,17.5
07/12/2023,18.5,6.8,15.6,16.2,4.9,4.2,8.6
08/12/2023,20.3,9.1,10.9,12.4,5.0,N/A,10.4
09/12/2023,18.0,5.8,5.5,5.3,5.8,N/A,5.7
10/12/2023,27.2,7.5,8.7,8.0,6.5,3.5,10.2
11/12/2023,26.8,11.4,17.7,14.8,10.6,8.0,11.8
12/12/2023,22.3,11.6,13.0,12.5,7.5,5.0,16.1
13/12/2023,19.3,7.2,10.8,15.9,7.3,N/A,9.5
14/12/2023,20.6,7.9,10.0,13.0,5.6,2.7,14.2
15/12/2023,21.5,11.1,15.8,19.3,6.6,5.3,10.7
16/12/2023,30.3,13.0,20.0,17.9,9.2,9.5,12.1
17/12/2023,26.0,12.2,18.9,23.5,9.7,9.7,13.4
18/12/2023,20.3,10.2,7.8,6.5,5.7,4.3,14.1
19/12/2023,29.1,11.2,9.9,10.9,6.6,4.2,11.8
20/12/2023,25.1,9.2,13.9,11.8,7.8,8.0,16.7
21/12/2023,30.2,17.3,27.6,19.0,20.1,12.6,13.2
22/12/2023,20.8,N/A,11.4,11.6,N/A,0.1,7.3
23/12/2023,19.8,6.8,9.3,7.1,6.5,-0.1,5.1
24/12/2023,11.3,5.9,11.1,8.6,5.8,0.7,5.3
25/12/2023,16.5,9.5,11.1,9.1,3.7,2.2,12.2
26/12/2023,18.1,12.3,10.9,13.5,5.1,3.2,11.5
27/12/2023,38.9,18.0,20.9,17.6,17.7,12.6,16.8
28/12/2023,31.9,16.5,15.6,17.5,10.2,6.4,13.7
29/12/2023,35.4,18.6,20.8,22.9,12.3,9.5,17.0
30/12/2023,36.4,23.7,26.7,36.6,18.5,13.7,24.2
31/12/2023,42.1,28.8,33.2,46.2,20.6,13.5,27.9
